timestamp,true_displacement,vibration,optical_x,optical_y,optical_rotation,scenario
0.000000,0.099521,0.013462,0.125000,0.100000,0.012500,WARNING
0.010000,0.121830,-0.032207,0.105000,0.030000,0.012500,WARNING
0.020000,0.139479,-0.101043,0.185000,0.080000,0.030000,WARNING
0.030000,0.152247,-0.031882,0.155000,0.050000,-0.002500,WARNING
0.040000,0.164964,0.016438,0.175000,0.045000,0.022500,WARNING
0.050000,0.178767,0.010744,0.195000,0.065000,0.025000,WARNING
0.060000,0.189223,-0.031352,0.180000,0.065000,0.010000,WARNING
0.070000,0.193533,0.036441,0.200000,0.110000,0.025000,WARNING
0.080000,0.202196,-0.019609,0.220000,0.070000,0.010000,WARNING
0.090000,0.215183,-0.041416,0.205000,0.045000,0.017500,WARNING
0.100000,0.218716,-0.108927,0.240000,0.085000,0.030000,WARNING
0.110000,0.209798,-0.081961,0.245000,0.060000,0.035000,WARNING
0.120000,0.191088,-0.128372,0.170000,0.075000,0.020000,WARNING
0.130000,0.167581,-0.016793,0.180000,0.045000,0.020000,WARNING
0.140000,0.144420,-0.009423,0.125000,0.095000,0.025000,WARNING
0.150000,0.118835,-0.009599,0.130000,0.025000,0.002500,WARNING
0.160000,0.091322,0.061750,0.100000,0.055000,-0.010000,WARNING
0.170000,0.071857,0.128272,0.110000,0.060000,0.002500,WARNING
0.180000,0.064318,0.050203,0.085000,0.050000,0.022500,WARNING
0.190000,0.064188,0.026845,0.090000,0.045000,0.010000,WARNING
0.200000,0.066828,-0.032133,0.105000,0.020000,-0.002500,WARNING
0.210000,0.071439,0.119142,0.090000,0.025000,0.007500,WARNING
0.220000,0.087791,0.087706,0.090000,0.015000,0.015000,WARNING
0.230000,0.122154,0.026854,0.160000,0.055000,0.012500,WARNING
0.240000,0.165635,-0.035116,0.130000,0.065000,0.035000,WARNING
0.250000,0.203724,-0.149841,0.195000,0.070000,0.032500,WARNING
0.260000,0.227290,-0.191751,0.235000,0.060000,0.005000,WARNING
0.270000,0.234363,-0.104179,0.290000,0.030000,0.037500,WARNING
0.280000,0.227270,-0.033947,0.285000,0.035000,0.007500,WARNING
0.290000,0.218144,0.088193,0.225000,0.095000,0.017500,WARNING
0.300000,0.217953,0.041676,0.225000,0.025000,0.027500,WARNING
0.310000,0.224323,0.027222,0.225000,0.070000,0.007500,WARNING
0.320000,0.230969,-0.066893,0.260000,0.085000,-0.005000,WARNING
0.330000,0.233470,-0.038795,0.235000,0.085000,0.022500,WARNING
0.340000,0.229242,0.054741,0.245000,0.100000,0.025000,WARNING
0.350000,0.220242,-0.023508,0.225000,0.100000,0.020000,WARNING
0.360000,0.208777,-0.109205,0.220000,0.070000,0.002500,WARNING
0.370000,0.188509,-0.116672,0.175000,0.055000,0.012500,WARNING
0.380000,0.155020,-0.052750,0.185000,0.085000,0.012500,WARNING
0.390000,0.118769,0.039152,0.120000,0.030000,0.007500,WARNING
0.400000,0.087236,-0.008698,0.130000,0.065000,0.005000,WARNING
0.410000,0.060182,0.099623,0.090000,0.045000,0.010000,WARNING
0.420000,0.043010,0.081042,0.095000,0.080000,-0.015000,WARNING
0.430000,0.034419,0.051096,0.065000,0.060000,0.020000,WARNING
0.440000,0.029127,0.099785,0.040000,0.045000,-0.010000,WARNING
0.450000,0.031439,0.000774,0.030000,0.045000,-0.010000,WARNING
0.460000,0.040023,0.093344,0.020000,0.080000,-0.007500,WARNING
0.470000,0.050846,0.025377,0.055000,0.055000,-0.005000,WARNING
0.480000,0.065393,0.028935,0.090000,0.025000,0.002500,WARNING
0.490000,0.081900,-0.049274,0.115000,0.035000,-0.012500,WARNING
0.500000,0.097163,-0.022762,0.120000,0.080000,0.022500,WARNING
0.510000,0.109135,-0.043519,0.135000,0.055000,-0.005000,WARNING
0.520000,0.116111,-0.019345,0.100000,0.050000,-0.005000,WARNING
0.530000,0.117454,-0.089637,0.110000,0.075000,0.012500,WARNING
0.540000,0.113709,0.022358,0.125000,0.070000,0.002500,WARNING
0.550000,0.103830,0.011435,0.115000,0.065000,0.015000,WARNING
0.560000,0.091952,0.112049,0.115000,0.115000,-0.002500,WARNING
0.570000,0.087243,0.098818,0.110000,0.055000,0.005000,WARNING
0.580000,0.091717,0.107071,0.115000,0.045000,0.002500,WARNING
0.590000,0.107439,0.109539,0.125000,0.040000,0.002500,WARNING
0.600000,0.137684,0.096477,0.180000,0.070000,0.005000,WARNING
0.610000,0.176735,0.019909,0.210000,0.080000,0.007500,WARNING
0.620000,0.213696,-0.059951,0.205000,0.055000,0.015000,WARNING
0.630000,0.243779,-0.039008,0.215000,0.120000,0.012500,WARNING
0.640000,0.270492,0.000198,0.300000,0.060000,0.022500,WARNING
0.650000,0.296267,-0.077689,0.265000,0.090000,0.020000,WARNING
0.660000,0.318519,-0.088675,0.345000,0.105000,0.017500,WARNING
0.670000,0.331150,-0.183722,0.375000,0.095000,0.027500,WARNING
0.680000,0.325702,-0.153044,0.350000,0.085000,0.012500,WARNING
0.690000,0.300536,-0.143496,0.305000,0.105000,0.015000,WARNING
0.700000,0.261240,-0.104838,0.280000,0.090000,0.015000,WARNING
0.710000,0.209721,-0.059996,0.240000,0.030000,0.012500,WARNING
0.720000,0.152143,0.068155,0.155000,0.110000,0.005000,WARNING
0.730000,0.098723,0.085758,0.135000,0.045000,0.010000,WARNING
0.740000,0.053134,0.156144,0.060000,0.050000,-0.002500,WARNING
0.750000,0.018010,0.060606,0.010000,0.075000,0.012500,WARNING
0.760000,-0.007326,0.094337,-0.025000,0.085000,-0.000000,WARNING
0.770000,-0.026026,0.121854,-0.025000,0.050000,-0.010000,WARNING
0.780000,-0.030739,0.238699,0.010000,0.015000,-0.007500,WARNING
0.790000,-0.011751,0.195293,-0.005000,0.075000,-0.012500,WARNING
0.800000,0.025383,0.135622,0.050000,0.050000,0.005000,WARNING
0.810000,0.070856,0.061427,0.120000,0.045000,-0.017500,WARNING
0.820000,0.125320,0.031201,0.105000,0.075000,0.015000,WARNING
0.830000,0.184792,-0.080947,0.185000,0.110000,0.007500,WARNING
0.840000,0.236367,-0.115508,0.240000,0.070000,-0.005000,WARNING
0.850000,0.274347,-0.025353,0.290000,0.085000,0.030000,WARNING
0.860000,0.304631,-0.084122,0.330000,0.080000,0.025000,WARNING
0.870000,0.333075,-0.084325,0.315000,0.110000,0.012500,WARNING
0.880000,0.353788,-0.110998,0.370000,0.135000,0.027500,WARNING
0.890000,0.359209,-0.096881,0.345000,0.080000,0.025000,WARNING
0.900000,0.353032,-0.029858,0.365000,0.090000,0.035000,WARNING
0.910000,0.340129,-0.126980,0.315000,0.100000,0.032500,WARNING
0.920000,0.317633,-0.057712,0.305000,0.060000,0.022500,WARNING
0.930000,0.285138,-0.044866,0.310000,0.080000,0.030000,WARNING
0.940000,0.242696,-0.116153,0.245000,0.105000,0.012500,WARNING
0.950000,0.189726,-0.047954,0.200000,0.055000,0.010000,WARNING
0.960000,0.131838,-0.002661,0.120000,0.085000,0.002500,WARNING
0.970000,0.073724,0.040778,0.110000,0.060000,0.005000,WARNING
0.980000,0.022335,0.131525,0.015000,0.085000,-0.005000,WARNING
0.990000,-0.014899,0.100512,-0.030000,0.060000,-0.010000,WARNING
1.000000,-0.038253,0.144144,-0.030000,0.060000,-0.010000,WARNING
1.010000,-0.049416,0.179707,-0.005000,0.040000,-0.015000,WARNING
1.020000,-0.044716,0.115140,-0.050000,0.055000,-0.017500,WARNING
1.030000,-0.023358,0.086280,-0.025000,0.060000,-0.012500,WARNING
1.040000,0.006667,0.073134,-0.020000,0.085000,-0.007500,WARNING
1.050000,0.043016,0.133824,0.035000,0.065000,0.020000,WARNING
1.060000,0.090826,0.082646,0.110000,0.055000,-0.027500,WARNING
1.070000,0.149678,0.038247,0.120000,0.085000,0.005000,WARNING
1.080000,0.211381,-0.074871,0.260000,0.090000,0.027500,WARNING
1.090000,0.270125,0.017027,0.295000,0.085000,0.022500,WARNING
1.100000,0.323820,-0.038482,0.305000,0.070000,0.015000,WARNING
1.110000,0.372235,0.004562,0.370000,0.110000,0.012500,WARNING
1.120000,0.419179,0.021789,0.435000,0.105000,0.027500,WARNING
1.130000,0.464997,-0.077082,0.470000,0.095000,0.035000,WARNING
1.140000,0.500823,-0.220376,0.515000,0.110000,0.047500,WARNING
1.150000,0.513562,-0.291907,0.510000,0.135000,0.050000,WARNING
1.160000,0.498874,-0.228969,0.475000,0.120000,0.045000,WARNING
1.170000,0.458153,-0.283781,0.465000,0.090000,0.025000,WARNING
1.180000,0.392443,-0.119598,0.405000,0.115000,0.025000,WARNING
1.190000,0.311407,-0.006062,0.315000,0.115000,0.020000,WARNING
1.200000,0.225084,-0.017061,0.230000,0.080000,0.015000,WARNING
1.210000,0.135734,0.067812,0.165000,0.035000,0.002500,WARNING
1.220000,0.052727,0.198973,0.060000,0.060000,-0.007500,WARNING
1.230000,-0.010909,0.247352,-0.020000,0.055000,-0.002500,WARNING
1.240000,-0.051885,0.237331,-0.030000,0.015000,-0.015000,WARNING
1.250000,-0.070655,0.287083,-0.045000,0.045000,-0.000000,WARNING
1.260000,-0.069571,0.150898,-0.050000,0.035000,-0.005000,WARNING
1.270000,-0.052565,0.184734,-0.090000,0.055000,-0.025000,WARNING
1.280000,-0.019931,0.213656,-0.055000,0.040000,-0.015000,WARNING
1.290000,0.027312,0.118502,0.045000,0.065000,-0.007500,WARNING
1.300000,0.084553,0.055007,0.065000,0.055000,0.000000,WARNING
1.310000,0.147379,0.113139,0.165000,0.100000,0.015000,WARNING
1.320000,0.211250,0.015776,0.200000,0.050000,0.015000,WARNING
1.330000,0.275989,0.040722,0.315000,0.060000,0.020000,WARNING
1.340000,0.343302,-0.119548,0.335000,0.110000,0.037500,WARNING
1.350000,0.403374,-0.147673,0.395000,0.050000,0.040000,WARNING
1.360000,0.443588,-0.214998,0.430000,0.120000,0.027500,WARNING
1.370000,0.466888,-0.147988,0.460000,0.135000,0.050000,WARNING
1.380000,0.483883,-0.162753,0.470000,0.130000,0.042500,WARNING
1.390000,0.491193,-0.178541,0.495000,0.080000,0.037500,WARNING
1.400000,0.478343,-0.165367,0.480000,0.095000,0.040000,WARNING
1.410000,0.446161,-0.155675,0.440000,0.090000,0.030000,WARNING
1.420000,0.393173,-0.179290,0.405000,0.090000,0.032500,WARNING
1.430000,0.317357,-0.118571,0.330000,0.065000,0.022500,WARNING
1.440000,0.235657,-0.074893,0.255000,0.060000,0.012500,WARNING
1.450000,0.162106,0.065128,0.180000,0.085000,0.012500,WARNING
1.460000,0.094128,0.081308,0.110000,0.035000,-0.010000,WARNING
1.470000,0.035007,0.126065,0.020000,0.040000,-0.002500,WARNING
1.480000,-0.007679,0.188794,-0.010000,0.020000,-0.002500,WARNING
1.490000,-0.034773,0.183011,-0.070000,-0.005000,-0.002500,WARNING
1.500000,-0.046186,0.203265,-0.050000,0.040000,-0.022500,WARNING
1.510000,-0.042008,0.192006,-0.045000,0.050000,0.007500,WARNING
1.520000,-0.024621,0.180722,-0.005000,0.045000,0.002500,WARNING
1.530000,0.005283,0.115902,-0.000000,0.065000,-0.015000,WARNING
1.540000,0.044613,0.089032,0.035000,0.040000,0.002500,WARNING
1.550000,0.094334,0.086938,0.090000,0.040000,-0.005000,WARNING
1.560000,0.159385,0.064086,0.150000,0.060000,0.002500,WARNING
1.570000,0.234882,0.000626,0.220000,0.035000,0.010000,WARNING
1.580000,0.308292,-0.127867,0.270000,0.045000,0.037500,WARNING
1.590000,0.373521,-0.149467,0.365000,0.070000,0.030000,WARNING
1.600000,0.423734,-0.189806,0.455000,0.065000,0.042500,WARNING
1.610000,0.450129,-0.153749,0.460000,0.075000,0.027500,WARNING
1.620000,0.455187,-0.158585,0.430000,0.050000,0.055000,WARNING
1.630000,0.445144,-0.098801,0.485000,0.040000,0.057500,WARNING
1.640000,0.426525,-0.073811,0.420000,0.100000,0.037500,WARNING
1.650000,0.403854,-0.044355,0.395000,0.075000,0.042500,WARNING
1.660000,0.373113,-0.162482,0.375000,0.070000,0.037500,WARNING
1.670000,0.331480,-0.063517,0.355000,0.075000,0.022500,WARNING
1.680000,0.281755,-0.060400,0.265000,0.040000,0.030000,WARNING
1.690000,0.229009,0.049876,0.265000,0.065000,0.042500,WARNING
1.700000,0.182015,0.122159,0.210000,0.045000,-0.005000,WARNING
1.710000,0.144136,0.046402,0.105000,0.080000,0.012500,WARNING
1.720000,0.110767,-0.000745,0.110000,0.075000,0.020000,WARNING
1.730000,0.077499,-0.058993,0.095000,0.055000,-0.005000,WARNING
1.740000,0.039658,-0.047693,0.085000,0.025000,-0.015000,WARNING
1.750000,0.001946,0.102475,0.015000,0.020000,0.017500,WARNING
1.760000,-0.028146,0.101963,-0.045000,0.045000,0.010000,WARNING
1.770000,-0.049280,0.179122,-0.085000,0.010000,-0.025000,WARNING
1.780000,-0.051891,0.185782,-0.090000,0.020000,-0.012500,WARNING
1.790000,-0.031058,0.155450,0.005000,0.055000,-0.015000,WARNING
1.800000,0.003898,0.116722,-0.030000,0.010000,0.005000,WARNING
1.810000,0.047565,0.102389,0.050000,0.010000,0.002500,WARNING
1.820000,0.099096,0.017049,0.100000,0.025000,0.012500,WARNING
1.830000,0.154960,-0.019089,0.170000,-0.000000,0.032500,WARNING
1.840000,0.210511,-0.022298,0.200000,0.015000,0.005000,WARNING
1.850000,0.263475,-0.045878,0.260000,0.070000,0.030000,WARNING
1.860000,0.314560,-0.069198,0.295000,0.065000,0.010000,WARNING
1.870000,0.360323,-0.166386,0.325000,0.050000,0.037500,WARNING
1.880000,0.389543,-0.204391,0.375000,0.070000,0.040000,WARNING
1.890000,0.393062,-0.203400,0.365000,0.050000,0.042500,WARNING
1.900000,0.374879,-0.188534,0.395000,0.090000,0.042500,WARNING
1.910000,0.345163,-0.104486,0.355000,0.070000,0.045000,WARNING
1.920000,0.307833,-0.027827,0.270000,0.070000,0.037500,WARNING
1.930000,0.263821,0.076494,0.255000,0.045000,0.025000,WARNING
1.940000,0.219580,-0.004857,0.235000,0.035000,0.015000,WARNING
1.950000,0.178920,-0.030119,0.160000,0.015000,0.007500,WARNING
1.960000,0.141594,0.069608,0.095000,0.030000,0.015000,WARNING
1.970000,0.110848,0.132401,0.100000,0.050000,0.010000,WARNING
1.980000,0.085463,0.052327,0.075000,0.020000,0.010000,WARNING
1.990000,0.063204,0.115917,0.050000,0.025000,0.002500,WARNING
2.000000,0.080641,15.062430,0.085000,0.005000,0.000000,WARNING
2.010000,1.321742,4.834857,1.315000,0.155000,0.120000,WARNING
2.020000,2.463734,-1.877570,2.455000,0.310000,0.205000,WARNING
2.030000,3.424442,-2.441617,3.400000,0.405000,0.310000,WARNING
2.040000,4.140816,-2.947030,4.140000,0.530000,0.375000,WARNING
2.050000,4.566078,-3.269125,4.580000,0.535000,0.405000,WARNING
2.060000,4.667819,-3.377598,4.670000,0.595000,0.420000,WARNING
2.070000,4.432691,-3.143945,4.445000,0.550000,0.395000,WARNING
2.080000,3.878105,-2.591329,3.870000,0.495000,0.325000,WARNING
2.090000,3.059851,-1.926679,3.045000,0.380000,0.277500,WARNING
2.100000,2.056408,-1.125995,2.025000,0.310000,0.192500,WARNING
2.110000,0.941229,-0.316970,0.950000,0.130000,0.095000,WARNING
2.120000,-0.210681,0.425624,-0.230000,0.005000,-0.027500,WARNING
2.130000,-1.315428,1.286777,-1.310000,-0.145000,-0.117500,WARNING
2.140000,-2.295648,2.001677,-2.320000,-0.240000,-0.190000,WARNING
2.150000,-3.079398,2.539782,-3.080000,-0.345000,-0.277500,WARNING
2.160000,-3.609541,2.842527,-3.635000,-0.410000,-0.332500,WARNING
2.170000,-3.853813,2.977638,-3.870000,-0.450000,-0.360000,WARNING
2.180000,-3.798127,2.864005,-3.820000,-0.475000,-0.345000,WARNING
2.190000,-3.455609,2.554850,-3.485000,-0.395000,-0.305000,WARNING
2.200000,-2.864202,2.072350,-2.885000,-0.345000,-0.252500,WARNING
2.210000,-2.068437,1.464993,-2.095000,-0.205000,-0.182500,WARNING
2.220000,-1.125487,0.752718,-1.115000,-0.135000,-0.102500,WARNING
2.230000,-0.111151,-0.021895,-0.135000,0.000000,0.010000,WARNING
2.240000,0.900512,-0.721794,0.880000,0.130000,0.090000,WARNING
2.250000,1.844890,-1.377485,1.825000,0.220000,0.170000,WARNING
2.260000,2.654330,-1.959516,2.650000,0.385000,0.240000,WARNING
2.270000,3.265869,-2.390381,3.230000,0.400000,0.282500,WARNING
2.280000,3.637776,-2.597328,3.630000,0.460000,0.330000,WARNING
2.290000,3.753633,-2.597581,3.735000,0.455000,0.347500,WARNING
2.300000,3.613564,-2.438878,3.635000,0.435000,0.337500,WARNING
2.310000,3.229870,-2.173127,3.210000,0.375000,0.295000,WARNING
2.320000,2.634921,-1.671160,2.615000,0.330000,0.240000,WARNING
2.330000,1.875568,-1.114633,1.830000,0.230000,0.182500,WARNING
2.340000,1.007165,-0.506080,1.005000,0.140000,0.100000,WARNING
2.350000,0.094136,0.217122,0.065000,0.035000,0.020000,WARNING
2.360000,-0.798627,0.795190,-0.835000,-0.065000,-0.050000,WARNING
2.370000,-1.612927,1.333321,-1.665000,-0.195000,-0.130000,WARNING
2.380000,-2.291445,1.975343,-2.330000,-0.285000,-0.200000,WARNING
2.390000,-2.777852,2.299330,-2.790000,-0.370000,-0.237500,WARNING
2.400000,-3.034643,2.304959,-3.065000,-0.325000,-0.260000,WARNING
2.410000,-3.053119,2.322142,-3.050000,-0.375000,-0.280000,WARNING
2.420000,-2.842834,2.097823,-2.835000,-0.325000,-0.250000,WARNING
2.430000,-2.423741,1.722714,-2.455000,-0.310000,-0.207500,WARNING
2.440000,-1.832393,1.266104,-1.860000,-0.210000,-0.162500,WARNING
2.450000,-1.118844,0.688348,-1.120000,-0.110000,-0.087500,WARNING
2.460000,-0.335973,0.190302,-0.305000,-0.020000,-0.002500,WARNING
2.470000,0.463913,-0.414463,0.465000,0.055000,0.055000,WARNING
2.480000,1.225161,-0.909682,1.235000,0.130000,0.140000,WARNING
2.490000,1.893782,-1.361306,1.835000,0.245000,0.192500,WARNING
2.500000,2.427338,-1.692083,2.385000,0.285000,0.227500,WARNING
2.510000,2.792708,-1.929214,2.775000,0.345000,0.250000,WARNING
2.520000,2.969032,-2.059663,2.940000,0.360000,0.277500,WARNING
2.530000,2.947065,-1.986187,2.925000,0.325000,0.277500,WARNING
2.540000,2.727895,-1.813186,2.725000,0.320000,0.260000,WARNING
2.550000,2.329282,-1.460623,2.305000,0.330000,0.222500,WARNING
2.560000,1.783903,-1.069840,1.780000,0.230000,0.170000,WARNING
2.570000,1.134998,-0.484952,1.145000,0.135000,0.120000,WARNING
2.580000,0.435462,-0.011949,0.425000,0.070000,0.042500,WARNING
2.590000,-0.260241,0.497008,-0.285000,-0.050000,-0.010000,WARNING
2.600000,-0.902956,0.961998,-0.940000,-0.110000,-0.097500,WARNING
2.610000,-1.447378,1.352828,-1.470000,-0.130000,-0.130000,WARNING
2.620000,-1.859892,1.554064,-1.865000,-0.215000,-0.160000,WARNING
2.630000,-2.118721,1.701215,-2.135000,-0.265000,-0.177500,WARNING
2.640000,-2.206987,1.766209,-2.190000,-0.285000,-0.187500,WARNING
2.650000,-2.118567,1.645436,-2.175000,-0.245000,-0.180000,WARNING
2.660000,-1.864696,1.448078,-1.895000,-0.220000,-0.147500,WARNING
2.670000,-1.468677,1.138639,-1.455000,-0.220000,-0.140000,WARNING
2.680000,-0.961785,0.701148,-0.995000,-0.125000,-0.082500,WARNING
2.690000,-0.385967,0.222765,-0.425000,-0.060000,-0.035000,WARNING
2.700000,0.215922,-0.121174,0.195000,0.015000,0.032500,WARNING
2.710000,0.803531,-0.610051,0.795000,0.065000,0.082500,WARNING
2.720000,1.332141,-1.077692,1.320000,0.160000,0.117500,WARNING
2.730000,1.758128,-1.369535,1.740000,0.200000,0.170000,WARNING
2.740000,2.050196,-1.406367,2.005000,0.260000,0.185000,WARNING
2.750000,2.191799,-1.520055,2.220000,0.230000,0.197500,WARNING
2.760000,2.182683,-1.493576,2.205000,0.215000,0.207500,WARNING
2.770000,2.031373,-1.401942,2.000000,0.225000,0.202500,WARNING
2.780000,1.742606,-1.170514,1.745000,0.185000,0.170000,WARNING
2.790000,1.338936,-0.814095,1.330000,0.145000,0.110000,WARNING
2.800000,0.858137,-0.452210,0.840000,0.125000,0.075000,WARNING
2.810000,0.329348,-0.078625,0.340000,0.015000,0.040000,WARNING
2.820000,-0.209984,0.334272,-0.235000,-0.060000,-0.020000,WARNING
2.830000,-0.714772,0.734410,-0.730000,-0.110000,-0.060000,WARNING
2.840000,-1.148510,1.070413,-1.130000,-0.165000,-0.102500,WARNING
2.850000,-1.478421,1.329915,-1.470000,-0.185000,-0.122500,WARNING
2.860000,-1.674871,1.481276,-1.690000,-0.225000,-0.130000,WARNING
2.870000,-1.724746,1.413553,-1.715000,-0.210000,-0.142500,WARNING
2.880000,-1.634647,1.299668,-1.590000,-0.245000,-0.147500,WARNING
2.890000,-1.419348,0.984401,-1.430000,-0.200000,-0.147500,WARNING
2.900000,-1.099978,0.726353,-1.110000,-0.150000,-0.095000,WARNING
2.910000,-0.703898,0.488415,-0.690000,-0.100000,-0.055000,WARNING
2.920000,-0.259812,0.143387,-0.265000,-0.075000,-0.007500,WARNING
2.930000,0.200823,-0.221540,0.210000,-0.015000,0.002500,WARNING
2.940000,0.644427,-0.437366,0.615000,0.030000,0.050000,WARNING
2.950000,1.039413,-0.720107,1.045000,0.085000,0.110000,WARNING
2.960000,1.355035,-1.022602,1.345000,0.145000,0.127500,WARNING
2.970000,1.567051,-1.154499,1.545000,0.170000,0.145000,WARNING
2.980000,1.664036,-1.233667,1.685000,0.160000,0.150000,WARNING
2.990000,1.642408,-1.222134,1.630000,0.135000,0.145000,WARNING
3.000000,1.504972,-1.047454,1.540000,0.135000,0.145000,WARNING
3.010000,1.265532,-0.876566,1.270000,0.140000,0.120000,WARNING
3.020000,0.943428,-0.608373,0.925000,0.075000,0.067500,WARNING
3.030000,0.562129,-0.319881,0.550000,0.050000,0.042500,WARNING
3.040000,0.152463,-0.007653,0.140000,0.015000,0.025000,WARNING
3.050000,-0.256462,0.338818,-0.260000,-0.045000,-0.027500,WARNING
3.060000,-0.633543,0.679943,-0.625000,-0.130000,-0.057500,WARNING
3.070000,-0.945807,0.781743,-0.945000,-0.140000,-0.090000,WARNING
3.080000,-1.176557,0.920580,-1.160000,-0.170000,-0.097500,WARNING
3.090000,-1.318962,1.053995,-1.335000,-0.180000,-0.110000,WARNING
3.100000,-1.358702,1.058910,-1.345000,-0.210000,-0.107500,WARNING
3.110000,-1.290702,0.964944,-1.290000,-0.225000,-0.105000,WARNING
3.120000,-1.128880,0.818360,-1.105000,-0.145000,-0.100000,WARNING
3.130000,-0.885615,0.621694,-0.875000,-0.140000,-0.097500,WARNING
3.140000,-0.576724,0.396806,-0.540000,-0.115000,-0.047500,WARNING
3.150000,-0.226685,0.175445,-0.235000,-0.070000,0.010000,WARNING
3.160000,0.139235,-0.161168,0.170000,0.045000,0.015000,WARNING
3.170000,0.488616,-0.380724,0.485000,0.005000,0.062500,WARNING
3.180000,0.792683,-0.605810,0.815000,0.075000,0.072500,WARNING
3.190000,1.032616,-0.764955,1.045000,0.080000,0.090000,WARNING
3.200000,1.195748,-0.828436,1.165000,0.110000,0.105000,WARNING
3.210000,1.276457,-0.894564,1.315000,0.120000,0.110000,WARNING
3.220000,1.270894,-0.820642,1.290000,0.130000,0.122500,WARNING
3.230000,1.179137,-0.841170,1.160000,0.095000,0.095000,WARNING
3.240000,1.004789,-0.693202,0.985000,0.100000,0.095000,WARNING
3.250000,0.755868,-0.505726,0.710000,0.055000,0.070000,WARNING
3.260000,0.455658,-0.253077,0.485000,0.025000,0.045000,WARNING
3.270000,0.131361,-0.019601,0.120000,-0.080000,0.005000,WARNING
3.280000,-0.193900,0.248380,-0.190000,-0.080000,0.000000,WARNING
3.290000,-0.493814,0.410287,-0.525000,-0.090000,-0.055000,WARNING
3.300000,-0.750527,0.628049,-0.745000,-0.155000,-0.065000,WARNING
3.310000,-0.949750,0.750896,-0.930000,-0.145000,-0.072500,WARNING
3.320000,-1.072163,0.854008,-1.050000,-0.185000,-0.117500,WARNING
3.330000,-1.109729,0.811237,-1.105000,-0.160000,-0.112500,WARNING
3.340000,-1.067617,0.751730,-1.080000,-0.185000,-0.097500,WARNING
3.350000,-0.953829,0.635699,-0.955000,-0.160000,-0.080000,WARNING
3.360000,-0.778542,0.439900,-0.795000,-0.130000,-0.065000,WARNING
3.370000,-0.559014,0.271392,-0.595000,-0.075000,-0.037500,WARNING
3.380000,-0.315393,0.097747,-0.355000,-0.100000,-0.012500,WARNING
3.390000,-0.057918,-0.019898,-0.055000,-0.075000,-0.007500,WARNING
3.400000,0.202884,-0.153082,0.230000,-0.035000,0.022500,WARNING
3.410000,0.446434,-0.386623,0.450000,0.010000,0.040000,WARNING
3.420000,0.656388,-0.563806,0.665000,0.040000,0.067500,WARNING
3.430000,0.820619,-0.610976,0.820000,0.080000,0.087500,WARNING
3.440000,0.924582,-0.660145,0.900000,0.065000,0.080000,WARNING
3.450000,0.957253,-0.743592,0.985000,0.080000,0.092500,WARNING
3.460000,0.915740,-0.684110,0.895000,0.075000,0.092500,WARNING
3.470000,0.806079,-0.587272,0.835000,0.040000,0.075000,WARNING
3.480000,0.639645,-0.408257,0.625000,-0.005000,0.045000,WARNING
3.490000,0.430718,-0.275031,0.395000,-0.010000,0.032500,WARNING
3.500000,0.200830,-0.045724,0.205000,0.020000,0.020000,WARNING
3.510000,-0.028853,0.086042,-0.050000,-0.080000,-0.007500,WARNING
3.520000,-0.249580,0.254661,-0.215000,-0.080000,-0.032500,WARNING
3.530000,-0.453246,0.344999,-0.455000,-0.070000,-0.055000,WARNING
3.540000,-0.623208,0.446343,-0.635000,-0.150000,-0.040000,WARNING
3.550000,-0.746866,0.499788,-0.735000,-0.140000,-0.072500,WARNING
3.560000,-0.819164,0.551784,-0.795000,-0.155000,-0.080000,WARNING
3.570000,-0.836865,0.606232,-0.855000,-0.140000,-0.057500,WARNING
3.580000,-0.790663,0.680155,-0.780000,-0.165000,-0.065000,WARNING
3.590000,-0.668739,0.621612,-0.680000,-0.140000,-0.072500,WARNING
3.600000,-0.477050,0.406455,-0.475000,-0.100000,-0.035000,WARNING
3.610000,-0.243077,0.123387,-0.255000,-0.055000,-0.025000,WARNING
3.620000,0.002873,-0.018843,-0.015000,-0.060000,0.005000,WARNING
3.630000,0.243673,-0.198530,0.240000,-0.020000,0.015000,WARNING
3.640000,0.465298,-0.349079,0.470000,0.015000,0.045000,WARNING
3.650000,0.649872,-0.407600,0.635000,0.035000,0.045000,WARNING
3.660000,0.786872,-0.553023,0.780000,0.025000,0.075000,WARNING
3.670000,0.872527,-0.574242,0.855000,0.065000,0.065000,WARNING
3.680000,0.902087,-0.593246,0.885000,0.090000,0.080000,WARNING
3.690000,0.870087,-0.662307,0.825000,0.070000,0.080000,WARNING
3.700000,0.775539,-0.606256,0.750000,0.025000,0.067500,WARNING
3.710000,0.623195,-0.474723,0.650000,0.035000,0.055000,WARNING
3.720000,0.424245,-0.306653,0.440000,0.010000,0.002500,WARNING
3.730000,0.195025,-0.098981,0.235000,-0.020000,0.005000,WARNING
3.740000,-0.045650,0.092089,-0.060000,-0.070000,-0.002500,WARNING
3.750000,-0.277984,0.264715,-0.265000,-0.085000,-0.027500,WARNING
3.760000,-0.486847,0.366340,-0.490000,-0.130000,-0.042500,WARNING
3.770000,-0.657445,0.467511,-0.640000,-0.190000,-0.062500,WARNING
3.780000,-0.775980,0.568287,-0.780000,-0.145000,-0.082500,WARNING
3.790000,-0.837211,0.619520,-0.805000,-0.155000,-0.067500,WARNING
3.800000,-0.838016,0.551715,-0.805000,-0.135000,-0.070000,WARNING
3.810000,-0.780373,0.518256,-0.825000,-0.165000,-0.062500,WARNING
3.820000,-0.673441,0.418115,-0.630000,-0.155000,-0.052500,WARNING
3.830000,-0.525236,0.290425,-0.480000,-0.115000,-0.057500,WARNING
3.840000,-0.346702,0.147576,-0.370000,-0.105000,-0.030000,WARNING
3.850000,-0.156111,0.056424,-0.145000,-0.105000,-0.010000,WARNING
3.860000,0.036133,-0.059355,0.020000,-0.015000,0.012500,WARNING
3.870000,0.224687,-0.222420,0.230000,-0.005000,0.022500,WARNING
3.880000,0.390786,-0.411599,0.415000,-0.035000,0.037500,WARNING
3.890000,0.516975,-0.475550,0.530000,-0.030000,0.052500,WARNING
3.900000,0.596303,-0.479843,0.595000,-0.000000,0.042500,WARNING
3.910000,0.626969,-0.465862,0.635000,0.025000,0.047500,WARNING
3.920000,0.611849,-0.487612,0.660000,0.000000,0.062500,WARNING
3.930000,0.551315,-0.397517,0.540000,0.010000,0.045000,WARNING
3.940000,0.446177,-0.320329,0.435000,0.030000,0.032500,WARNING
3.950000,0.306503,-0.234975,0.330000,0.045000,0.027500,WARNING
3.960000,0.144456,-0.067461,0.165000,-0.040000,0.017500,WARNING
3.970000,-0.028227,-0.000384,-0.015000,-0.085000,-0.015000,WARNING
3.980000,-0.197021,0.142354,-0.165000,-0.090000,-0.030000,WARNING
3.990000,-0.349378,0.198025,-0.340000,-0.085000,-0.035000,WARNING
4.000000,-0.478040,0.262878,-0.495000,-0.085000,-0.062500,WARNING
4.010000,-0.575208,0.403036,-0.595000,-0.125000,-0.057500,WARNING
4.020000,-0.630658,0.399281,-0.610000,-0.155000,-0.070000,WARNING
4.030000,-0.645443,0.362886,-0.630000,-0.140000,-0.077500,WARNING
4.040000,-0.627078,0.348420,-0.630000,-0.130000,-0.060000,WARNING
4.050000,-0.578645,0.318106,-0.570000,-0.135000,-0.085000,WARNING
4.060000,-0.501035,0.208968,-0.480000,-0.130000,-0.050000,WARNING
4.070000,-0.401057,0.120374,-0.375000,-0.125000,-0.030000,WARNING
4.080000,-0.292590,0.090830,-0.305000,-0.100000,-0.037500,WARNING
4.090000,-0.179087,0.059602,-0.185000,-0.090000,-0.015000,WARNING
4.100000,-0.056504,-0.049948,-0.045000,-0.050000,0.000000,WARNING
4.110000,0.066184,-0.130943,0.080000,-0.030000,0.002500,WARNING
4.120000,0.172830,-0.218924,0.210000,-0.030000,-0.020000,WARNING
4.130000,0.256490,-0.201240,0.270000,-0.005000,0.017500,WARNING
4.140000,0.313598,-0.332944,0.315000,-0.010000,0.025000,WARNING
4.150000,0.337896,-0.302906,0.355000,-0.040000,0.017500,WARNING
4.160000,0.328782,-0.287069,0.335000,-0.060000,0.015000,WARNING
4.170000,0.290503,-0.291918,0.325000,-0.005000,0.015000,WARNING
4.180000,0.225625,-0.168186,0.230000,-0.015000,0.022500,WARNING
4.190000,0.140261,-0.114667,0.170000,-0.035000,0.020000,WARNING
4.200000,0.040680,-0.051500,0.075000,-0.100000,-0.002500,WARNING
4.210000,-0.072101,0.045235,-0.080000,-0.070000,-0.017500,WARNING
4.220000,-0.186481,0.123096,-0.155000,-0.080000,-0.042500,WARNING
4.230000,-0.287384,0.159860,-0.270000,-0.090000,-0.037500,WARNING
4.240000,-0.370558,0.301138,-0.360000,-0.135000,-0.047500,WARNING
4.250000,-0.428015,0.324329,-0.375000,-0.080000,-0.047500,WARNING
4.260000,-0.453578,0.231246,-0.445000,-0.115000,-0.047500,WARNING
4.270000,-0.451723,0.179086,-0.435000,-0.120000,-0.035000,WARNING
4.280000,-0.426954,0.156402,-0.445000,-0.105000,-0.052500,WARNING
4.290000,-0.382976,0.136606,-0.350000,-0.095000,-0.050000,WARNING
4.300000,-0.324183,0.096806,-0.315000,-0.095000,-0.042500,WARNING
4.310000,-0.253832,0.038288,-0.250000,-0.105000,-0.022500,WARNING
4.320000,-0.177418,-0.020563,-0.150000,-0.095000,-0.022500,WARNING
4.330000,-0.102276,-0.035325,-0.055000,-0.070000,-0.020000,WARNING
4.340000,-0.031239,-0.063255,-0.015000,-0.105000,0.000000,WARNING
4.350000,0.034372,-0.141880,0.095000,-0.070000,-0.007500,WARNING
4.360000,0.088277,-0.124959,0.115000,-0.035000,0.000000,WARNING
4.370000,0.128564,-0.184251,0.135000,-0.065000,0.017500,WARNING
4.380000,0.157125,-0.245047,0.195000,-0.080000,0.012500,WARNING
4.390000,0.169566,-0.229646,0.175000,-0.035000,0.012500,WARNING
4.400000,0.160417,-0.269196,0.200000,-0.030000,0.002500,WARNING
4.410000,0.125037,-0.233400,0.145000,-0.050000,0.005000,WARNING
4.420000,0.065673,-0.142340,0.070000,-0.040000,-0.005000,WARNING
4.430000,-0.005547,-0.080241,0.000000,-0.055000,0.010000,WARNING
4.440000,-0.086599,-0.054012,-0.075000,-0.090000,-0.010000,WARNING
4.450000,-0.179910,0.004546,-0.150000,-0.120000,-0.015000,WARNING
4.460000,-0.270913,0.117499,-0.270000,-0.120000,-0.025000,WARNING
4.470000,-0.346296,0.219462,-0.320000,-0.125000,-0.035000,WARNING
4.480000,-0.402802,0.209781,-0.385000,-0.120000,-0.047500,WARNING
4.490000,-0.439563,0.188037,-0.430000,-0.100000,-0.042500,WARNING
4.500000,-0.457413,0.169477,-0.425000,-0.100000,-0.042500,WARNING
4.510000,-0.456269,0.163079,-0.450000,-0.150000,-0.037500,WARNING
4.520000,-0.438270,0.154776,-0.415000,-0.175000,-0.040000,WARNING
4.530000,-0.404988,0.138516,-0.400000,-0.085000,-0.055000,WARNING
4.540000,-0.356795,0.062973,-0.340000,-0.105000,-0.050000,WARNING
4.550000,-0.298896,0.074752,-0.315000,-0.115000,-0.037500,WARNING
4.560000,-0.237715,0.076466,-0.235000,-0.075000,-0.030000,WARNING
4.570000,-0.173844,0.001276,-0.165000,-0.085000,-0.030000,WARNING
4.580000,-0.106348,-0.057478,-0.100000,-0.060000,0.002500,WARNING
4.590000,-0.040442,-0.072883,-0.065000,-0.105000,-0.005000,WARNING
4.600000,0.015483,-0.217645,0.010000,-0.065000,-0.005000,WARNING
4.610000,0.055846,-0.219062,0.060000,-0.060000,0.012500,WARNING
4.620000,0.077777,-0.224101,0.070000,-0.045000,-0.002500,WARNING
4.630000,0.080005,-0.214895,0.090000,-0.015000,0.012500,WARNING
4.640000,0.059166,-0.195052,0.025000,-0.095000,0.022500,WARNING
4.650000,0.013700,-0.143340,0.015000,-0.070000,-0.012500,WARNING
4.660000,-0.046791,-0.011663,-0.025000,-0.030000,-0.007500,WARNING
4.670000,-0.107350,-0.001769,-0.100000,-0.060000,-0.005000,WARNING
4.680000,-0.162397,0.014263,-0.140000,-0.040000,-0.017500,WARNING
4.690000,-0.214367,0.042538,-0.235000,-0.080000,-0.022500,WARNING
4.700000,-0.261926,0.096944,-0.265000,-0.090000,-0.032500,WARNING
4.710000,-0.304672,0.106380,-0.310000,-0.070000,-0.035000,WARNING
4.720000,-0.339683,0.159995,-0.335000,-0.090000,-0.015000,WARNING
4.730000,-0.359890,0.068228,-0.380000,-0.080000,-0.025000,WARNING
4.740000,-0.370062,0.075598,-0.365000,-0.085000,-0.035000,WARNING
4.750000,-0.375151,0.096578,-0.350000,-0.115000,-0.035000,WARNING
4.760000,-0.372794,0.073147,-0.340000,-0.095000,-0.030000,WARNING
4.770000,-0.361803,0.148184,-0.320000,-0.095000,-0.037500,WARNING
4.780000,-0.338600,0.106636,-0.360000,-0.105000,-0.050000,WARNING
4.790000,-0.303079,0.051127,-0.310000,-0.100000,-0.035000,WARNING
4.800000,-0.260654,0.037979,-0.280000,-0.120000,-0.020000,WARNING
4.810000,-0.216303,-0.062034,-0.235000,-0.085000,-0.015000,WARNING
4.820000,-0.178084,-0.081064,-0.170000,-0.080000,-0.027500,WARNING
4.830000,-0.154289,-0.146596,-0.115000,-0.090000,-0.002500,WARNING
4.840000,-0.139757,-0.056781,-0.130000,-0.080000,-0.007500,WARNING
4.850000,-0.124774,-0.071688,-0.115000,-0.035000,-0.002500,WARNING
4.860000,-0.116432,-0.210866,-0.100000,-0.060000,-0.017500,WARNING
4.870000,-0.125984,-0.098093,-0.115000,-0.080000,-0.010000,WARNING
4.880000,-0.152553,-0.089189,-0.150000,-0.105000,-0.022500,WARNING
4.890000,-0.187662,0.045724,-0.195000,-0.045000,-0.022500,WARNING
4.900000,-0.222387,0.060862,-0.220000,-0.040000,-0.015000,WARNING
4.910000,-0.250583,0.159082,-0.265000,-0.100000,-0.022500,WARNING
4.920000,-0.264874,0.178030,-0.275000,-0.060000,-0.012500,WARNING
4.930000,-0.262378,0.141500,-0.240000,-0.085000,-0.020000,WARNING
4.940000,-0.248426,0.040438,-0.260000,-0.060000,-0.020000,WARNING
4.950000,-0.225844,0.057525,-0.245000,-0.080000,-0.007500,WARNING
4.960000,-0.197140,-0.073842,-0.180000,-0.080000,-0.012500,WARNING
4.970000,-0.169959,-0.069098,-0.180000,-0.075000,-0.025000,WARNING
4.980000,-0.152389,-0.077025,-0.145000,-0.090000,-0.000000,WARNING
4.990000,-0.146042,-0.070157,-0.150000,-0.050000,-0.025000,WARNING
5.000000,-0.147188,-0.039515,-0.140000,-0.090000,-0.015000,WARNING
5.010000,-0.155087,-0.032874,-0.165000,-0.070000,-0.020000,WARNING
5.020000,-0.163007,0.036130,-0.175000,-0.055000,-0.020000,WARNING
5.030000,-0.166836,-0.057238,-0.170000,-0.075000,-0.012500,WARNING
5.040000,-0.176550,-0.064584,-0.145000,-0.060000,0.000000,WARNING
5.050000,-0.197226,-0.036527,-0.180000,-0.050000,-0.025000,WARNING
5.060000,-0.228062,-0.034000,-0.235000,-0.055000,-0.017500,WARNING
5.070000,-0.264392,0.018035,-0.255000,-0.080000,-0.040000,WARNING
5.080000,-0.300850,-0.011430,-0.295000,-0.090000,-0.030000,WARNING
5.090000,-0.336923,0.038566,-0.350000,-0.070000,-0.040000,WARNING
5.100000,-0.367298,0.144535,-0.360000,-0.080000,-0.017500,WARNING
5.110000,-0.384515,0.069495,-0.360000,-0.075000,-0.042500,WARNING
5.120000,-0.390080,0.080647,-0.400000,-0.095000,-0.040000,WARNING
5.130000,-0.393123,0.023440,-0.400000,-0.050000,-0.037500,WARNING
5.140000,-0.392489,0.108892,-0.415000,-0.090000,-0.052500,WARNING
5.150000,-0.383458,0.071026,-0.415000,-0.080000,-0.032500,WARNING
5.160000,-0.369964,0.091227,-0.385000,-0.055000,-0.037500,WARNING
5.170000,-0.348323,0.137455,-0.360000,-0.095000,-0.035000,WARNING
5.180000,-0.317460,0.045717,-0.330000,-0.105000,-0.027500,WARNING
5.190000,-0.288444,0.011264,-0.305000,-0.095000,-0.017500,WARNING
5.200000,-0.262899,0.028981,-0.235000,-0.090000,-0.012500,WARNING
5.210000,-0.237770,-0.017676,-0.235000,-0.055000,-0.035000,WARNING
5.220000,-0.215491,-0.029309,-0.215000,-0.080000,-0.022500,WARNING
5.230000,-0.192343,0.054277,-0.190000,-0.015000,-0.015000,WARNING
5.240000,-0.166394,-0.065454,-0.140000,-0.055000,-0.020000,WARNING
5.250000,-0.144211,-0.089719,-0.125000,-0.065000,-0.020000,WARNING
5.260000,-0.130391,-0.135566,-0.145000,-0.015000,-0.010000,WARNING
5.270000,-0.127363,-0.056547,-0.105000,-0.070000,0.000000,WARNING
5.280000,-0.134675,-0.098556,-0.145000,-0.060000,0.007500,WARNING
5.290000,-0.146736,-0.031874,-0.130000,-0.035000,-0.002500,WARNING
5.300000,-0.161389,-0.024941,-0.145000,-0.085000,-0.010000,WARNING
5.310000,-0.180335,-0.047522,-0.210000,-0.045000,-0.005000,WARNING
5.320000,-0.206212,-0.076424,-0.225000,-0.055000,-0.002500,WARNING
5.330000,-0.242980,-0.129532,-0.210000,-0.065000,-0.012500,WARNING
5.340000,-0.292366,-0.070806,-0.280000,-0.060000,-0.002500,WARNING
5.350000,-0.351543,-0.012371,-0.350000,-0.090000,-0.032500,WARNING
5.360000,-0.408615,0.136898,-0.385000,-0.085000,-0.040000,WARNING
5.370000,-0.450942,0.201073,-0.425000,-0.040000,-0.032500,WARNING
5.380000,-0.476939,0.157187,-0.480000,-0.100000,-0.037500,WARNING
5.390000,-0.489609,0.191210,-0.460000,-0.105000,-0.032500,WARNING
5.400000,-0.489547,0.170835,-0.480000,-0.110000,-0.047500,WARNING
5.410000,-0.473534,0.139838,-0.500000,-0.095000,-0.025000,WARNING
5.420000,-0.441471,0.135485,-0.415000,-0.075000,-0.032500,WARNING
5.430000,-0.397269,0.105068,-0.420000,-0.075000,-0.020000,WARNING
5.440000,-0.340163,0.051931,-0.355000,-0.080000,-0.037500,WARNING
5.450000,-0.276684,-0.013762,-0.255000,-0.045000,-0.027500,WARNING
5.460000,-0.217282,0.039671,-0.245000,-0.060000,-0.002500,WARNING
5.470000,-0.160980,-0.060509,-0.160000,-0.080000,-0.010000,WARNING
5.480000,-0.109064,-0.063601,-0.095000,-0.050000,-0.005000,WARNING
5.490000,-0.065053,-0.060681,-0.070000,-0.075000,0.005000,WARNING
5.500000,-0.030451,-0.173863,-0.020000,-0.060000,0.005000,WARNING
5.510000,-0.013321,-0.197073,-0.025000,-0.030000,0.007500,WARNING
5.520000,-0.017201,-0.160109,-0.005000,-0.030000,-0.012500,WARNING
5.530000,-0.037197,-0.164957,-0.015000,-0.050000,-0.005000,WARNING
5.540000,-0.070484,-0.115503,-0.055000,-0.040000,0.005000,WARNING
5.550000,-0.114440,-0.093356,-0.115000,-0.055000,-0.015000,WARNING
5.560000,-0.165814,-0.056314,-0.190000,-0.070000,0.002500,WARNING
5.570000,-0.222676,-0.029541,-0.235000,-0.050000,-0.002500,WARNING
5.580000,-0.280733,-0.030291,-0.310000,-0.060000,-0.015000,WARNING
5.590000,-0.335891,0.061715,-0.360000,-0.050000,-0.035000,WARNING
5.600000,-0.387238,0.050688,-0.405000,-0.070000,-0.020000,WARNING
5.610000,-0.433358,0.046431,-0.430000,-0.065000,-0.020000,WARNING
5.620000,-0.472569,0.022216,-0.465000,-0.070000,-0.042500,WARNING
5.630000,-0.506380,0.063598,-0.555000,-0.095000,-0.060000,WARNING
5.640000,-0.532427,0.132963,-0.525000,-0.090000,-0.050000,WARNING
5.650000,-0.540917,0.118537,-0.550000,-0.100000,-0.037500,WARNING
5.660000,-0.528454,0.224280,-0.540000,-0.070000,-0.040000,WARNING
5.670000,-0.499033,0.219197,-0.510000,-0.085000,-0.047500,WARNING
5.680000,-0.448566,0.192572,-0.445000,-0.085000,-0.052500,WARNING
5.690000,-0.373586,0.133466,-0.405000,-0.085000,-0.035000,WARNING
5.700000,-0.283329,0.012558,-0.275000,-0.050000,-0.037500,WARNING
5.710000,-0.189685,-0.098098,-0.175000,-0.045000,-0.000000,WARNING
5.720000,-0.106632,-0.213610,-0.130000,-0.055000,-0.017500,WARNING
5.730000,-0.046183,-0.201978,-0.060000,-0.015000,0.010000,WARNING
5.740000,-0.008386,-0.256073,-0.030000,-0.050000,-0.002500,WARNING
5.750000,0.007373,-0.217763,-0.010000,-0.015000,0.010000,WARNING
5.760000,-0.000926,-0.228127,-0.045000,-0.045000,-0.002500,WARNING
5.770000,-0.031134,-0.166556,-0.025000,-0.030000,0.020000,WARNING
5.780000,-0.078363,-0.073304,-0.065000,-0.020000,0.007500,WARNING
5.790000,-0.135568,-0.039198,-0.165000,-0.025000,-0.012500,WARNING
5.800000,-0.197916,-0.027233,-0.185000,-0.025000,-0.027500,WARNING
5.810000,-0.261519,0.031544,-0.300000,-0.030000,-0.010000,WARNING
5.820000,-0.322042,0.057864,-0.370000,-0.085000,-0.030000,WARNING
5.830000,-0.373446,0.074622,-0.360000,-0.070000,-0.010000,WARNING
5.840000,-0.411675,0.126369,-0.405000,-0.060000,-0.040000,WARNING
5.850000,-0.441700,0.095197,-0.470000,-0.060000,-0.020000,WARNING
5.860000,-0.464500,0.058512,-0.470000,-0.105000,-0.045000,WARNING
5.870000,-0.474046,0.135007,-0.510000,-0.100000,-0.042500,WARNING
5.880000,-0.470568,0.125886,-0.475000,-0.070000,-0.030000,WARNING
5.890000,-0.455450,0.171416,-0.435000,-0.105000,-0.017500,WARNING
5.900000,-0.425513,0.133158,-0.445000,-0.100000,-0.027500,WARNING
5.910000,-0.381357,0.113329,-0.395000,-0.065000,-0.030000,WARNING
5.920000,-0.327948,0.033508,-0.325000,-0.025000,-0.020000,WARNING
5.930000,-0.272619,-0.088242,-0.305000,-0.040000,-0.015000,WARNING
5.940000,-0.219968,0.007168,-0.235000,-0.085000,-0.017500,WARNING
5.950000,-0.171622,-0.064034,-0.200000,-0.080000,-0.017500,WARNING
5.960000,-0.132898,-0.082731,-0.130000,-0.020000,-0.000000,WARNING
5.970000,-0.106821,-0.045928,-0.110000,0.010000,-0.012500,WARNING
5.980000,-0.090138,-0.113298,-0.100000,-0.030000,-0.010000,WARNING
5.990000,-0.081817,-0.112437,-0.075000,-0.035000,-0.007500,WARNING
6.000000,-0.084241,-0.155652,-0.105000,-0.005000,0.010000,WARNING
6.010000,-0.099048,-0.085149,-0.100000,-0.045000,-0.002500,WARNING
6.020000,-0.126220,-0.083386,-0.155000,-0.045000,-0.012500,WARNING
6.030000,-0.163739,-0.054619,-0.180000,-0.045000,0.022500,WARNING
6.040000,-0.209023,-0.107575,-0.205000,-0.015000,-0.022500,WARNING
6.050000,-0.259237,-0.062278,-0.245000,-0.070000,-0.020000,WARNING
6.060000,-0.311263,0.088223,-0.315000,-0.045000,-0.037500,WARNING
6.070000,-0.357087,0.183379,-0.345000,-0.045000,-0.025000,WARNING
6.080000,-0.389398,0.126645,-0.410000,-0.055000,-0.030000,WARNING
6.090000,-0.412206,0.092392,-0.445000,-0.040000,-0.045000,WARNING
6.100000,-0.426817,0.101906,-0.445000,-0.095000,-0.025000,WARNING
6.110000,-0.427094,0.039792,-0.435000,-0.025000,-0.027500,WARNING
6.120000,-0.419131,0.113311,-0.420000,-0.025000,-0.032500,WARNING
6.130000,-0.406228,0.101576,-0.395000,-0.075000,-0.035000,WARNING
6.140000,-0.380409,0.100613,-0.425000,-0.080000,-0.035000,WARNING
6.150000,-0.342832,0.094009,-0.360000,-0.025000,-0.020000,WARNING
6.160000,-0.297014,0.082891,-0.335000,0.000000,-0.015000,WARNING
6.170000,-0.241699,0.052514,-0.270000,-0.030000,-0.012500,WARNING
6.180000,-0.175263,-0.010686,-0.170000,-0.025000,-0.015000,WARNING
6.190000,-0.107665,-0.111901,-0.110000,-0.030000,-0.005000,WARNING
6.200000,-0.054311,-0.215888,-0.065000,0.040000,-0.012500,WARNING
6.210000,-0.019771,-0.234954,-0.030000,-0.015000,-0.010000,WARNING
6.220000,-0.005814,-0.171408,-0.035000,0.010000,0.005000,WARNING
6.230000,-0.012282,-0.151460,0.005000,-0.025000,0.012500,WARNING
6.240000,-0.036600,-0.164307,-0.045000,0.000000,0.002500,WARNING
6.250000,-0.079154,-0.119533,-0.075000,-0.040000,-0.002500,WARNING
6.260000,-0.137020,0.034006,-0.180000,-0.015000,-0.020000,WARNING
6.270000,-0.199433,-0.028919,-0.195000,-0.035000,-0.020000,WARNING
6.280000,-0.256911,0.202308,-0.255000,-0.035000,0.000000,WARNING
6.290000,-0.302644,0.149117,-0.315000,-0.040000,-0.000000,WARNING
6.300000,-0.333327,0.075088,-0.325000,-0.050000,-0.025000,WARNING
6.310000,-0.355337,0.020690,-0.380000,-0.065000,-0.025000,WARNING
6.320000,-0.372779,-0.017197,-0.370000,-0.040000,-0.017500,WARNING
6.330000,-0.387471,-0.014261,-0.380000,-0.065000,-0.017500,WARNING
6.340000,-0.402815,0.027408,-0.410000,-0.010000,-0.030000,WARNING
6.350000,-0.415572,0.095396,-0.435000,-0.005000,-0.047500,WARNING
6.360000,-0.423867,0.070127,-0.415000,-0.035000,-0.027500,WARNING
6.370000,-0.429278,0.036883,-0.435000,-0.015000,-0.030000,WARNING
6.380000,-0.431879,0.095423,-0.435000,-0.040000,-0.045000,WARNING
6.390000,-0.428292,0.036561,-0.415000,-0.055000,-0.025000,WARNING
6.400000,-0.416483,0.067268,-0.405000,-0.025000,-0.017500,WARNING
6.410000,-0.401329,0.037139,-0.440000,-0.040000,-0.035000,WARNING
6.420000,-0.382890,0.101424,-0.390000,-0.060000,-0.027500,WARNING
6.430000,-0.357040,0.054910,-0.365000,-0.020000,-0.020000,WARNING
6.440000,-0.321371,0.082764,-0.340000,-0.030000,-0.037500,WARNING
6.450000,-0.275021,0.154287,-0.235000,0.005000,-0.017500,WARNING
6.460000,-0.219148,0.070541,-0.200000,-0.000000,0.000000,WARNING
6.470000,-0.154618,0.006521,-0.150000,-0.010000,-0.005000,WARNING
6.480000,-0.091164,-0.108225,-0.090000,0.010000,0.007500,WARNING
6.490000,-0.042193,-0.135287,-0.065000,-0.010000,-0.005000,WARNING
6.500000,-0.007285,-0.225662,-0.065000,-0.010000,-0.000000,WARNING
6.510000,0.014615,-0.263952,0.020000,0.040000,0.002500,WARNING
6.520000,0.014101,-0.326020,0.000000,0.035000,0.010000,WARNING
6.530000,-0.015003,-0.224869,-0.040000,0.020000,0.017500,WARNING
6.540000,-0.069229,-0.188390,-0.065000,0.020000,-0.002500,WARNING
6.550000,-0.136062,0.014232,-0.195000,-0.015000,0.007500,WARNING
6.560000,-0.201494,0.006923,-0.200000,-0.010000,-0.027500,WARNING
6.570000,-0.260573,0.003936,-0.275000,-0.040000,-0.035000,WARNING
6.580000,-0.317100,0.050353,-0.345000,0.005000,-0.025000,WARNING
6.590000,-0.371547,0.133333,-0.370000,0.010000,-0.027500,WARNING
6.600000,-0.416446,0.150939,-0.430000,-0.045000,-0.032500,WARNING
6.610000,-0.444825,0.172671,-0.460000,-0.050000,-0.035000,WARNING
6.620000,-0.452739,0.260885,-0.460000,-0.065000,-0.040000,WARNING
6.630000,-0.438120,0.193363,-0.480000,-0.050000,-0.055000,WARNING
6.640000,-0.403204,0.132456,-0.405000,-0.055000,-0.030000,WARNING
6.650000,-0.355074,0.055918,-0.350000,-0.025000,-0.025000,WARNING
6.660000,-0.298798,0.017233,-0.295000,-0.005000,-0.020000,WARNING
6.670000,-0.238463,0.008898,-0.225000,-0.020000,-0.030000,WARNING
6.680000,-0.178151,-0.109163,-0.175000,0.020000,-0.025000,WARNING
6.690000,-0.123580,-0.160471,-0.125000,-0.030000,-0.015000,WARNING
6.700000,-0.085588,-0.270884,-0.110000,0.030000,-0.010000,WARNING
6.710000,-0.072592,-0.207009,-0.085000,-0.005000,-0.030000,WARNING
6.720000,-0.083266,-0.179823,-0.125000,0.015000,-0.000000,WARNING
6.730000,-0.105571,-0.021203,-0.100000,0.000000,-0.010000,WARNING
6.740000,-0.129443,0.060920,-0.145000,-0.000000,-0.012500,WARNING
6.750000,-0.150383,-0.003849,-0.165000,-0.020000,-0.032500,WARNING
6.760000,-0.165696,-0.008381,-0.185000,-0.020000,-0.012500,WARNING
6.770000,-0.180481,-0.052714,-0.195000,0.010000,-0.032500,WARNING
6.780000,-0.198610,-0.011816,-0.220000,0.005000,-0.020000,WARNING
6.790000,-0.215655,0.058614,-0.235000,-0.020000,-0.022500,WARNING
6.800000,-0.228186,0.044606,-0.230000,0.015000,-0.012500,WARNING
6.810000,-0.233570,0.015279,-0.235000,0.000000,-0.010000,WARNING
6.820000,-0.231686,0.105890,-0.230000,-0.035000,-0.007500,WARNING
6.830000,-0.229172,-0.002742,-0.205000,-0.025000,-0.030000,WARNING
6.840000,-0.228530,0.036562,-0.235000,-0.035000,-0.017500,WARNING
6.850000,-0.223439,0.075187,-0.250000,0.005000,-0.017500,WARNING
6.860000,-0.211359,0.103154,-0.210000,-0.025000,-0.027500,WARNING
6.870000,-0.194436,0.046214,-0.190000,0.025000,-0.017500,WARNING
6.880000,-0.168818,0.045302,-0.185000,0.010000,-0.015000,WARNING
6.890000,-0.135416,-0.032715,-0.140000,0.030000,0.005000,WARNING
6.900000,-0.104823,-0.063410,-0.110000,0.030000,-0.002500,WARNING
6.910000,-0.082811,-0.122886,-0.095000,0.010000,-0.022500,WARNING
6.920000,-0.072081,-0.095015,-0.100000,0.015000,-0.000000,WARNING
6.930000,-0.071519,-0.063013,-0.060000,0.015000,-0.005000,WARNING
6.940000,-0.073410,0.017015,-0.100000,0.005000,-0.002500,WARNING
6.950000,-0.074590,-0.027042,-0.055000,-0.020000,0.002500,WARNING
6.960000,-0.077651,-0.001820,-0.085000,0.025000,-0.002500,WARNING
6.970000,-0.086047,-0.073753,-0.115000,0.005000,-0.020000,WARNING
6.980000,-0.099915,0.043783,-0.105000,0.025000,-0.022500,WARNING
6.990000,-0.113824,-0.032209,-0.125000,0.030000,-0.007500,WARNING
7.000000,-0.125528,0.003158,-0.125000,0.020000,-0.015000,WARNING
7.010000,-0.137064,0.055563,-0.135000,-0.005000,0.002500,WARNING
7.020000,-0.145949,0.005028,-0.150000,0.030000,-0.020000,WARNING
7.030000,-0.151783,0.012688,-0.180000,-0.025000,-0.020000,WARNING
7.040000,-0.160822,0.007221,-0.185000,0.005000,-0.007500,WARNING
7.050000,-0.176468,-0.099737,-0.180000,-0.005000,-0.020000,WARNING
7.060000,-0.194704,-0.027209,-0.170000,-0.005000,-0.010000,WARNING
7.070000,-0.209558,0.033983,-0.260000,-0.010000,-0.020000,WARNING
7.080000,-0.218515,0.029682,-0.225000,-0.010000,-0.025000,WARNING
7.090000,-0.223795,0.063190,-0.250000,-0.020000,-0.037500,WARNING
7.100000,-0.224551,0.095376,-0.215000,0.015000,-0.012500,WARNING
7.110000,-0.215716,0.011183,-0.215000,0.025000,-0.007500,WARNING
7.120000,-0.199125,0.073245,-0.215000,0.015000,-0.017500,WARNING
7.130000,-0.179080,0.062901,-0.225000,-0.015000,-0.017500,WARNING
7.140000,-0.154875,0.015718,-0.130000,0.010000,-0.025000,WARNING
7.150000,-0.126879,0.027690,-0.120000,-0.010000,-0.017500,WARNING
7.160000,-0.099249,0.021239,-0.105000,0.055000,-0.012500,WARNING
7.170000,-0.071446,-0.043167,-0.080000,0.000000,-0.010000,WARNING
7.180000,-0.041482,-0.108588,-0.070000,0.040000,-0.012500,WARNING
7.190000,-0.019512,-0.107185,-0.035000,0.035000,0.000000,WARNING
7.200000,-0.013083,-0.048351,-0.005000,0.040000,-0.012500,WARNING
7.210000,-0.012584,0.062026,-0.055000,0.020000,-0.007500,WARNING
7.220000,-0.009668,-0.024181,-0.015000,-0.000000,-0.017500,WARNING
7.230000,-0.004855,-0.096873,-0.030000,-0.015000,0.002500,WARNING
7.240000,-0.006017,-0.148660,-0.020000,0.020000,-0.015000,WARNING
7.250000,-0.023750,-0.077413,-0.030000,0.040000,-0.012500,WARNING
7.260000,-0.055822,-0.036561,-0.050000,0.015000,-0.012500,WARNING
7.270000,-0.092604,0.037189,-0.060000,-0.000000,-0.015000,WARNING
7.280000,-0.129256,-0.063429,-0.170000,0.020000,-0.015000,WARNING
7.290000,-0.166571,-0.045600,-0.195000,0.015000,-0.017500,WARNING
7.300000,-0.206490,0.021262,-0.195000,-0.005000,-0.045000,WARNING
7.310000,-0.245509,0.147206,-0.260000,-0.025000,-0.025000,WARNING
7.320000,-0.275196,0.160046,-0.275000,0.010000,-0.042500,WARNING
7.330000,-0.284419,0.188786,-0.265000,-0.000000,-0.037500,WARNING
7.340000,-0.272851,0.108660,-0.300000,-0.025000,-0.032500,WARNING
7.350000,-0.251720,0.050385,-0.255000,0.010000,-0.035000,WARNING
7.360000,-0.225742,0.054561,-0.165000,0.005000,-0.040000,WARNING
7.370000,-0.193426,0.090506,-0.185000,-0.000000,-0.025000,WARNING
7.380000,-0.152567,0.082927,-0.120000,0.030000,-0.027500,WARNING
7.390000,-0.104619,-0.009356,-0.090000,0.005000,-0.037500,WARNING
7.400000,-0.054430,-0.018576,-0.065000,0.035000,-0.007500,WARNING
7.410000,-0.008313,-0.073868,-0.005000,0.015000,-0.000000,WARNING
7.420000,0.026373,-0.102689,0.010000,0.050000,0.000000,WARNING
7.430000,0.046556,-0.113707,0.015000,0.025000,0.005000,WARNING
7.440000,0.055624,-0.011109,0.035000,0.035000,-0.007500,WARNING
7.450000,0.061892,-0.037056,0.075000,0.010000,-0.005000,WARNING
7.460000,0.070378,-0.055762,0.070000,0.055000,0.005000,WARNING
7.470000,0.075958,-0.021495,0.095000,0.030000,0.015000,WARNING
7.480000,0.074772,-0.017324,0.090000,0.060000,-0.015000,WARNING
7.490000,0.069628,-0.032528,0.060000,0.030000,-0.005000,WARNING
7.500000,0.058976,-0.063541,0.095000,0.030000,-0.002500,WARNING
7.510000,0.039823,-0.061097,0.055000,0.035000,-0.007500,WARNING
7.520000,0.010999,-0.102734,0.020000,0.025000,-0.010000,WARNING
7.530000,-0.030776,-0.072110,-0.005000,0.045000,-0.000000,WARNING
7.540000,-0.085112,-0.079040,-0.085000,0.030000,-0.010000,WARNING
7.550000,-0.144543,-0.038764,-0.135000,0.010000,-0.027500,WARNING
7.560000,-0.199921,0.051703,-0.165000,0.020000,-0.037500,WARNING
7.570000,-0.247591,0.056695,-0.230000,0.010000,-0.025000,WARNING
7.580000,-0.287306,0.060076,-0.320000,0.020000,-0.022500,WARNING
7.590000,-0.318320,0.166740,-0.315000,-0.010000,-0.020000,WARNING
7.600000,-0.336387,0.168416,-0.355000,-0.000000,-0.022500,WARNING
7.610000,-0.334357,0.204118,-0.355000,-0.015000,-0.037500,WARNING
7.620000,-0.315060,0.206346,-0.290000,0.000000,-0.035000,WARNING
7.630000,-0.282473,0.123498,-0.250000,-0.010000,-0.057500,WARNING
7.640000,-0.233923,0.104307,-0.215000,-0.000000,-0.045000,WARNING
7.650000,-0.174394,0.058841,-0.210000,-0.005000,-0.025000,WARNING
7.660000,-0.108204,-0.029684,-0.095000,0.030000,-0.002500,WARNING
7.670000,-0.035868,-0.036569,-0.060000,0.040000,0.002500,WARNING
7.680000,0.035118,-0.105625,0.035000,0.065000,-0.012500,WARNING
7.690000,0.097651,-0.122375,0.155000,0.045000,0.020000,WARNING
7.700000,0.148916,-0.127829,0.140000,0.060000,0.015000,WARNING
7.710000,0.189318,-0.153321,0.175000,0.075000,0.015000,WARNING
7.720000,0.216063,-0.156850,0.235000,0.065000,0.005000,WARNING
7.730000,0.221115,-0.201656,0.260000,0.040000,0.005000,WARNING
7.740000,0.205464,-0.209920,0.200000,0.055000,0.015000,WARNING
7.750000,0.176980,-0.076928,0.155000,0.070000,0.022500,WARNING
7.760000,0.139630,-0.040134,0.160000,0.065000,0.017500,WARNING
7.770000,0.096044,0.015936,0.100000,0.065000,-0.005000,WARNING
7.780000,0.050215,0.015288,0.070000,0.035000,-0.015000,WARNING
7.790000,0.006570,0.025369,0.020000,0.045000,-0.000000,WARNING
7.800000,-0.034584,0.079240,-0.010000,0.020000,-0.020000,WARNING
7.810000,-0.071564,0.116499,-0.035000,0.020000,-0.020000,WARNING
7.820000,-0.098557,0.102884,-0.090000,0.030000,-0.025000,WARNING
7.830000,-0.115918,0.118127,-0.080000,-0.000000,-0.022500,WARNING
7.840000,-0.124958,0.130166,-0.085000,0.025000,-0.025000,WARNING
7.850000,-0.121864,0.157065,-0.120000,0.015000,-0.027500,WARNING
7.860000,-0.106764,0.065533,-0.110000,0.015000,-0.027500,WARNING
7.870000,-0.085731,0.054789,-0.065000,0.035000,-0.015000,WARNING
7.880000,-0.061435,-0.026206,-0.070000,0.045000,-0.000000,WARNING
7.890000,-0.034793,-0.037571,-0.030000,0.020000,-0.002500,WARNING
7.900000,-0.010396,-0.123337,-0.010000,0.060000,-0.010000,WARNING
7.910000,0.002593,-0.164182,0.020000,0.045000,-0.010000,WARNING
7.920000,-0.001278,-0.129282,-0.000000,0.065000,-0.020000,WARNING
7.930000,-0.012560,0.047026,-0.050000,0.050000,-0.007500,WARNING
7.940000,-0.020683,0.058366,0.020000,0.050000,-0.012500,WARNING
7.950000,-0.026722,0.006955,-0.055000,0.025000,0.005000,WARNING
7.960000,-0.033508,-0.006764,0.000000,0.045000,-0.012500,WARNING
7.970000,-0.037830,0.026078,-0.010000,0.030000,-0.022500,WARNING
7.980000,-0.036357,0.062287,0.025000,0.050000,-0.010000,WARNING
7.990000,-0.031661,0.044530,-0.025000,0.025000,-0.012500,WARNING
8.000000,-0.025250,0.027922,-0.025000,0.075000,-0.007500,WARNING
8.010000,-0.013133,0.060365,0.030000,0.060000,-0.017500,WARNING
8.020000,0.006555,-0.004005,-0.010000,0.030000,-0.010000,WARNING
8.030000,0.030229,-0.055165,0.045000,0.010000,-0.000000,WARNING
8.040000,0.049845,-0.125513,0.035000,0.065000,0.012500,WARNING
8.050000,0.055631,-0.106076,0.065000,0.060000,-0.007500,WARNING
8.060000,0.047224,-0.068904,0.035000,0.045000,-0.007500,WARNING
8.070000,0.031633,-0.072202,0.065000,0.020000,-0.025000,WARNING
8.080000,0.011186,-0.015604,0.020000,0.060000,-0.007500,WARNING
8.090000,-0.012077,0.041074,0.010000,0.045000,-0.005000,WARNING
8.100000,-0.031851,0.174186,-0.030000,0.050000,-0.015000,WARNING
8.110000,-0.038261,0.163214,-0.025000,0.075000,0.012500,WARNING
8.120000,-0.028902,0.092851,-0.035000,0.075000,0.000000,WARNING
8.130000,-0.013937,0.058155,-0.025000,0.055000,-0.012500,WARNING
8.140000,0.006994,0.022441,0.015000,0.045000,-0.012500,WARNING
8.150000,0.037455,-0.011415,0.010000,0.025000,0.002500,WARNING
8.160000,0.069245,-0.076138,0.080000,0.050000,0.010000,WARNING
8.170000,0.095647,-0.010129,0.130000,0.070000,0.007500,WARNING
8.180000,0.115722,-0.010570,0.110000,0.035000,0.000000,WARNING
8.190000,0.130454,-0.022159,0.155000,0.080000,0.010000,WARNING
8.200000,0.138393,-0.060756,0.105000,0.035000,0.012500,WARNING
8.210000,0.141217,-0.113477,0.165000,0.030000,0.010000,WARNING
8.220000,0.140025,-0.057618,0.170000,0.055000,0.002500,WARNING
8.230000,0.127830,-0.125051,0.130000,0.060000,-0.007500,WARNING
8.240000,0.099997,-0.115502,0.110000,0.075000,-0.017500,WARNING
8.250000,0.061540,-0.045574,0.050000,0.030000,0.007500,WARNING
8.260000,0.021984,0.069364,0.020000,0.010000,-0.000000,WARNING
8.270000,-0.011363,0.072115,-0.005000,0.045000,-0.015000,WARNING
8.280000,-0.037921,0.117365,-0.035000,0.015000,0.007500,WARNING
8.290000,-0.057676,0.057386,-0.045000,0.065000,-0.005000,WARNING
8.300000,-0.064945,0.123377,-0.085000,0.045000,-0.000000,WARNING
8.310000,-0.059357,0.044953,-0.010000,0.045000,0.007500,WARNING
8.320000,-0.046901,0.018680,-0.050000,0.065000,-0.017500,WARNING
8.330000,-0.033088,-0.019266,-0.080000,0.050000,-0.010000,WARNING
8.340000,-0.024449,-0.018976,-0.010000,0.045000,-0.000000,WARNING
8.350000,-0.023968,-0.034965,-0.015000,0.050000,-0.020000,WARNING
8.360000,-0.025934,0.058799,-0.065000,0.010000,0.000000,WARNING
8.370000,-0.020888,0.130693,-0.035000,0.050000,-0.015000,WARNING
8.380000,-0.002813,0.066565,0.005000,0.040000,0.010000,WARNING
8.390000,0.022772,0.038825,0.025000,0.045000,0.007500,WARNING
8.400000,0.047859,-0.019094,0.060000,0.065000,-0.007500,WARNING
8.410000,0.070750,-0.017515,0.090000,0.045000,0.007500,WARNING
8.420000,0.093354,0.102777,0.140000,0.060000,0.007500,WARNING
8.430000,0.125523,0.052016,0.120000,0.020000,0.012500,WARNING
8.440000,0.169346,-0.019508,0.125000,0.075000,0.005000,WARNING
8.450000,0.211022,-0.056233,0.220000,0.100000,0.040000,WARNING
8.460000,0.243084,-0.081045,0.285000,0.085000,0.032500,WARNING
8.470000,0.267927,-0.109548,0.315000,0.060000,0.020000,WARNING
8.480000,0.284387,-0.025979,0.285000,0.110000,0.022500,WARNING
8.490000,0.289387,-0.092766,0.305000,0.055000,0.020000,WARNING
8.500000,0.279889,-0.132407,0.280000,0.065000,0.012500,WARNING
8.510000,0.255130,-0.062623,0.255000,0.065000,0.025000,WARNING
8.520000,0.222271,-0.101349,0.255000,0.070000,0.025000,WARNING
8.530000,0.187138,-0.101690,0.185000,0.090000,0.037500,WARNING
8.540000,0.147971,-0.023794,0.170000,0.050000,0.017500,WARNING
8.550000,0.102993,0.021594,0.090000,0.030000,0.017500,WARNING
8.560000,0.056611,0.081402,0.075000,0.055000,0.017500,WARNING
8.570000,0.017570,0.098333,0.030000,0.040000,-0.005000,WARNING
8.580000,-0.010585,0.084912,-0.015000,0.055000,-0.002500,WARNING
8.590000,-0.033144,0.048306,-0.015000,0.020000,0.010000,WARNING
8.600000,-0.052016,0.103782,-0.035000,0.015000,-0.007500,WARNING
8.610000,-0.062378,0.147012,-0.045000,0.050000,0.017500,WARNING
8.620000,-0.062023,0.136787,-0.065000,0.015000,-0.007500,WARNING
8.630000,-0.046565,0.193003,-0.040000,0.050000,-0.007500,WARNING
8.640000,-0.009730,0.090819,-0.015000,0.040000,0.005000,WARNING
8.650000,0.039564,-0.026853,0.040000,0.075000,0.005000,WARNING
8.660000,0.084025,-0.082194,0.065000,0.030000,0.010000,WARNING
8.670000,0.119964,-0.066296,0.150000,0.060000,0.010000,WARNING
8.680000,0.147724,-0.136478,0.150000,0.050000,0.017500,WARNING
8.690000,0.159404,-0.145154,0.200000,0.110000,0.020000,WARNING
8.700000,0.152865,-0.121606,0.185000,0.070000,0.012500,WARNING
8.710000,0.134978,-0.115529,0.165000,0.070000,0.017500,WARNING
8.720000,0.110620,-0.079780,0.090000,0.045000,0.010000,WARNING
8.730000,0.083371,0.024568,0.090000,0.060000,0.005000,WARNING
8.740000,0.055943,-0.010356,0.040000,0.045000,0.015000,WARNING
8.750000,0.028335,0.045520,0.030000,0.060000,0.017500,WARNING
8.760000,0.002616,0.053334,0.065000,0.050000,-0.005000,WARNING
8.770000,-0.015543,0.092093,-0.005000,0.030000,0.017500,WARNING
8.780000,-0.026343,0.051151,0.010000,0.030000,0.002500,WARNING
8.790000,-0.034443,0.040027,0.010000,0.030000,-0.005000,WARNING
8.800000,-0.040349,0.010669,-0.025000,0.020000,-0.007500,WARNING
8.810000,-0.047767,0.036683,-0.035000,0.015000,0.010000,WARNING
8.820000,-0.055574,0.099273,-0.050000,0.045000,-0.007500,WARNING
8.830000,-0.054211,0.161192,-0.015000,0.030000,0.017500,WARNING
8.840000,-0.039818,0.067968,-0.010000,0.045000,0.000000,WARNING
8.850000,-0.014579,0.110344,0.015000,0.045000,-0.002500,WARNING
8.860000,0.018052,-0.000575,0.000000,0.030000,0.022500,WARNING
8.870000,0.053601,-0.000294,0.060000,0.035000,0.010000,WARNING
8.880000,0.088304,-0.005237,0.085000,0.025000,0.000000,WARNING
8.890000,0.124692,-0.002386,0.125000,0.040000,0.007500,WARNING
8.900000,0.159888,-0.054514,0.150000,0.020000,0.037500,WARNING
8.910000,0.182924,-0.138617,0.200000,0.045000,0.010000,WARNING
8.920000,0.191789,-0.123547,0.225000,0.050000,0.035000,WARNING
8.930000,0.186186,-0.148635,0.225000,0.055000,0.015000,WARNING
8.940000,0.164901,-0.095763,0.155000,0.050000,0.005000,WARNING
8.950000,0.133920,-0.120468,0.150000,0.050000,0.017500,WARNING
8.960000,0.093370,-0.108288,0.095000,0.060000,0.017500,WARNING
8.970000,0.036179,-0.076652,0.035000,0.060000,0.022500,WARNING
8.980000,-0.031841,-0.018324,-0.025000,0.055000,-0.002500,WARNING
8.990000,-0.094970,0.171990,-0.090000,0.000000,0.017500,WARNING
9.000000,-0.141014,0.243151,-0.115000,-0.005000,-0.012500,WARNING
9.010000,-0.164106,0.164437,-0.155000,0.020000,-0.012500,WARNING
9.020000,-0.163720,0.214048,-0.170000,-0.015000,-0.015000,WARNING
9.030000,-0.140647,0.166700,-0.130000,0.020000,-0.015000,WARNING
9.040000,-0.102083,0.143445,-0.070000,0.045000,0.002500,WARNING
9.050000,-0.054722,0.068623,-0.095000,0.035000,0.005000,WARNING
9.060000,0.001248,0.093282,-0.035000,0.080000,-0.002500,WARNING
9.070000,0.062834,0.001465,0.030000,0.040000,0.012500,WARNING
9.080000,0.120186,-0.026111,0.120000,0.055000,0.027500,WARNING
9.090000,0.165767,-0.091163,0.160000,0.085000,0.025000,WARNING
9.100000,0.202985,-0.110902,0.215000,0.055000,0.017500,WARNING
9.110000,0.234339,-0.061151,0.255000,0.075000,0.025000,WARNING
9.120000,0.258648,-0.048139,0.275000,0.080000,0.020000,WARNING
9.130000,0.278761,-0.083660,0.305000,0.040000,0.035000,WARNING
9.140000,0.295490,-0.105974,0.325000,0.060000,0.040000,WARNING
9.150000,0.302722,-0.077639,0.295000,0.120000,0.035000,WARNING
9.160000,0.298462,-0.057997,0.305000,0.035000,0.027500,WARNING
9.170000,0.288330,-0.020356,0.255000,0.075000,0.030000,WARNING
9.180000,0.274629,-0.019610,0.330000,0.060000,0.035000,WARNING
9.190000,0.253937,-0.102108,0.230000,0.080000,0.012500,WARNING
9.200000,0.222974,-0.141504,0.260000,0.020000,0.022500,WARNING
9.210000,0.181627,-0.128976,0.190000,0.050000,0.025000,WARNING
9.220000,0.131796,-0.024212,0.115000,0.075000,0.007500,WARNING
9.230000,0.079978,0.065857,0.090000,0.075000,0.002500,WARNING
9.240000,0.033661,0.087393,0.050000,0.070000,0.015000,WARNING
9.250000,-0.003995,0.115197,-0.020000,0.050000,0.017500,WARNING
9.260000,-0.031651,0.101214,-0.030000,0.020000,0.012500,WARNING
9.270000,-0.047397,0.076591,-0.055000,0.015000,0.010000,WARNING
9.280000,-0.047895,0.137460,-0.045000,0.025000,-0.010000,WARNING
9.290000,-0.030813,0.196067,-0.045000,0.060000,0.002500,WARNING
9.300000,0.004746,0.156263,-0.010000,0.035000,0.017500,WARNING
9.310000,0.055253,0.041692,0.045000,0.045000,0.010000,WARNING
9.320000,0.112034,-0.003019,0.110000,0.105000,0.022500,WARNING
9.330000,0.166362,-0.011637,0.170000,0.045000,0.030000,WARNING
9.340000,0.213104,-0.053521,0.210000,0.085000,0.027500,WARNING
9.350000,0.250410,-0.075180,0.270000,0.070000,0.037500,WARNING
9.360000,0.275706,-0.010676,0.250000,0.035000,0.027500,WARNING
9.370000,0.288322,-0.100766,0.335000,0.110000,0.045000,WARNING
9.380000,0.292322,-0.074683,0.240000,0.115000,0.045000,WARNING
9.390000,0.288792,-0.039530,0.310000,0.075000,0.050000,WARNING
9.400000,0.278545,-0.122218,0.300000,0.060000,0.030000,WARNING
9.410000,0.265239,-0.121701,0.255000,0.080000,0.032500,WARNING
9.420000,0.243724,-0.105877,0.230000,0.065000,0.032500,WARNING
9.430000,0.208428,-0.016959,0.205000,0.045000,0.037500,WARNING
9.440000,0.164985,0.001024,0.095000,0.065000,0.032500,WARNING
9.450000,0.119782,0.025698,0.110000,0.040000,0.017500,WARNING
9.460000,0.076248,0.067358,0.055000,0.035000,0.012500,WARNING
9.470000,0.036540,0.053138,0.065000,0.045000,-0.007500,WARNING
9.480000,0.001174,0.065494,0.005000,0.045000,0.015000,WARNING
9.490000,-0.026557,0.081346,-0.060000,0.025000,0.000000,WARNING
9.500000,-0.041988,0.158379,-0.035000,0.020000,0.012500,WARNING
9.510000,-0.044072,0.096168,-0.050000,0.070000,0.007500,WARNING
9.520000,-0.036047,0.105471,-0.025000,0.030000,0.000000,WARNING
9.530000,-0.020017,0.060505,-0.030000,0.045000,0.005000,WARNING
9.540000,0.005814,0.077930,0.025000,0.020000,0.010000,WARNING
9.550000,0.041128,0.029312,0.050000,0.055000,0.020000,WARNING
9.560000,0.081747,0.019309,0.070000,0.065000,0.017500,WARNING
9.570000,0.121614,0.007779,0.115000,0.020000,0.012500,WARNING
9.580000,0.159495,-0.021451,0.150000,0.075000,0.005000,WARNING
9.590000,0.196752,0.002225,0.185000,0.025000,0.042500,WARNING
9.600000,0.233795,-0.007746,0.240000,0.050000,0.032500,WARNING
9.610000,0.272602,-0.076792,0.260000,0.065000,0.042500,WARNING
9.620000,0.309480,-0.097742,0.275000,0.065000,0.030000,WARNING
9.630000,0.338433,-0.095305,0.315000,0.060000,0.050000,WARNING
9.640000,0.355139,-0.073680,0.345000,0.055000,0.047500,WARNING
9.650000,0.358178,-0.150359,0.370000,0.095000,0.057500,WARNING
9.660000,0.347226,-0.196601,0.340000,0.070000,0.030000,WARNING
9.670000,0.318488,-0.156527,0.325000,0.040000,0.027500,WARNING
9.680000,0.270956,-0.147920,0.250000,0.020000,0.022500,WARNING
9.690000,0.207653,-0.024356,0.190000,0.080000,0.017500,WARNING
9.700000,0.137240,0.008091,0.145000,0.020000,0.037500,WARNING
9.710000,0.070142,0.134685,0.045000,0.065000,0.007500,WARNING
9.720000,0.012745,0.154996,0.000000,0.010000,0.002500,WARNING
9.730000,-0.028694,0.111697,-0.035000,0.005000,-0.002500,WARNING
9.740000,-0.057554,0.180810,-0.075000,0.050000,-0.015000,WARNING
9.750000,-0.075003,0.229338,-0.055000,0.020000,-0.007500,WARNING
9.760000,-0.068944,0.226620,-0.065000,0.000000,0.010000,WARNING
9.770000,-0.038996,0.174547,-0.070000,0.070000,0.005000,WARNING
9.780000,0.003511,-0.008344,0.005000,0.050000,0.012500,WARNING
9.790000,0.051130,-0.007173,0.040000,0.020000,0.022500,WARNING
9.800000,0.103433,0.004949,0.110000,0.060000,0.010000,WARNING
9.810000,0.158515,-0.075125,0.160000,0.040000,0.027500,WARNING
9.820000,0.207276,-0.052274,0.215000,0.015000,0.025000,WARNING
9.830000,0.248183,-0.046270,0.260000,0.015000,0.032500,WARNING
9.840000,0.289267,-0.002492,0.260000,0.030000,0.032500,WARNING
9.850000,0.329468,-0.149446,0.335000,0.065000,0.027500,WARNING
9.860000,0.356858,-0.153257,0.345000,0.070000,0.045000,WARNING
9.870000,0.363978,-0.146763,0.350000,0.085000,0.040000,WARNING
9.880000,0.353549,-0.149946,0.330000,0.035000,0.037500,WARNING
9.890000,0.329696,-0.106516,0.310000,0.090000,0.020000,WARNING
9.900000,0.291691,-0.131390,0.325000,0.100000,0.035000,WARNING
9.910000,0.242726,-0.054306,0.200000,0.065000,0.012500,WARNING
9.920000,0.191258,0.034943,0.195000,0.050000,0.015000,WARNING
9.930000,0.143719,0.011799,0.130000,0.070000,0.017500,WARNING
9.940000,0.100964,0.121642,0.095000,0.050000,0.012500,WARNING
9.950000,0.061271,0.060895,0.010000,0.045000,0.010000,WARNING
9.960000,0.028516,0.124268,0.040000,0.000000,0.005000,WARNING
9.970000,0.009028,0.143760,-0.015000,-0.010000,0.017500,WARNING
9.980000,0.007948,0.097213,-0.015000,0.040000,0.022500,WARNING
9.990000,0.027745,0.122840,-0.005000,-0.005000,-0.005000,WARNING
