timestamp,frame_index,structural_dx_pixels,structural_dy_pixels,structural_displacement_pixels,velocity_x_pixels_s,velocity_y_pixels_s,velocity_magnitude_pixels_s,acceleration_x_pixels_s2,acceleration_y_pixels_s2,acceleration_magnitude_pixels_s2,optical_dominant_frequency_hz,valid_feature_count,tracking_quality,measurement_valid,camera_fps
106622.3958,1,0.0,0.0,0.0,0.0,0.0,0.0,0.0,0.0,0.0,,0,LOST,False,0.0
106622.4431,2,0.0,0.0,0.0,0.0,0.0,0.0,0.0,0.0,0.0,,0,LOST,False,21.1185
106622.4663,3,0.0,0.0,0.0,0.0,0.0,0.0,0.0,0.0,0.0,,0,LOST,False,28.3439
106622.4942,4,0.0,0.0,0.0,0.0,0.0,0.0,0.0,0.0,0.0,,0,LOST,False,30.4651
106622.5268,5,0.0,0.0,0.0,0.0,0.0,0.0,0.0,0.0,0.0,,0,LOST,False,30.5263
106622.5565,6,0.0,0.0,0.0,0.0,0.0,0.0,0.0,0.0,0.0,,0,LOST,False,31.1007
106622.5873,7,0.0,0.0,0.0,0.0,0.0,0.0,0.0,0.0,0.0,,0,LOST,False,31.3322
106622.6175,8,0.0,0.0,0.0,0.0,0.0,0.0,0.0,0.0,0.0,,0,LOST,False,31.5629
106622.6485,9,0.0,0.0,0.0,0.0,0.0,0.0,0.0,0.0,0.0,,0,LOST,False,31.6548
106622.6806,10,0.0,0.0,0.0,0.0,0.0,0.0,0.0,0.0,0.0,,0,LOST,False,31.5994
106622.7297,11,0.0,0.0,0.0,0.0,0.0,0.0,0.0,0.0,0.0,,0,LOST,False,29.9499
106622.7605,12,0.0,0.0,0.0,0.0,0.0,0.0,0.0,0.0,0.0,,0,LOST,False,30.1575
106622.7916,13,0.0,0.0,0.0,0.0,0.0,0.0,0.0,0.0,0.0,,47,GOOD,True,30.3163
106622.825,14,0.0,0.0,0.0,0.0,0.0,0.0,0.0,0.0,0.0,,47,GOOD,True,30.2839
106622.8473,15,0.0,0.0,0.0,0.0,0.0,0.0,0.0,0.0,0.0,,47,GOOD,True,31.0048
106622.8781,16,0.0,0.0,0.0,0.0,0.0,0.0,0.0,0.0,0.0,,47,GOOD,True,31.0999
106622.9098,17,0.0,0.0,0.0,0.0,0.0,0.0,0.0,0.0,0.0,,47,GOOD,True,31.1253
106622.9408,18,0.0,0.0,0.0,0.0,0.0,0.0,0.0,0.0,0.0,,47,GOOD,True,31.1918
106622.9723,19,0.5996,-25.2134,25.2206,19.0023,-799.0412,799.2671,255.3258,-10736.3849,10739.4205,,22,GOOD,True,31.2191
106623.0189,20,4.2916,-25.701,26.0569,79.3203,-10.4764,80.0092,1035.7717,-1897.8544,2162.0995,,19,GOOD,True,30.4919
106623.0487,21,4.2916,-25.701,26.0569,0.0,0.0,0.0,87.9146,3378.2215,3379.3653,,19,GOOD,True,30.6302
106623.0806,22,4.2916,-25.701,26.0569,0.0,0.0,0.0,-469.7681,5680.9071,5700.2972,,19,GOOD,True,30.6645
106623.1113,23,4.2916,-25.701,26.0569,0.0,0.0,0.0,-683.675,5173.2661,5218.2463,,19,GOOD,True,30.7465
106623.1418,24,4.2916,-25.701,26.0569,0.0,0.0,0.0,-547.7559,1770.2733,1853.0797,,19,GOOD,True,30.8283
106623.1742,25,4.2916,-25.701,26.0569,0.0,0.0,0.0,-60.83,-4502.2281,4502.639,,19,GOOD,True,30.8323
106623.2067,26,4.2916,-25.701,26.0569,0.0,0.0,0.0,482.6105,-63.7421,486.8018,,19,GOOD,True,30.828
106623.2377,27,4.2916,-25.701,26.0569,0.0,0.0,0.0,0.0,0.0,0.0,,19,GOOD,True,30.8817
106623.2812,28,4.2916,-25.701,26.0569,0.0,0.0,0.0,0.0,0.0,0.0,,19,GOOD,True,30.4943
106623.3117,29,4.2916,-25.701,26.0569,0.0,0.0,0.0,0.0,0.0,0.0,,19,GOOD,True,30.5696
106623.3417,30,4.2916,-25.701,26.0569,0.0,0.0,0.0,0.0,0.0,0.0,,19,GOOD,True,30.6564
106623.3769,31,4.2916,-25.701,26.0569,0.0,0.0,0.0,0.0,0.0,0.0,,19,GOOD,True,31.0572
106623.4061,32,4.2916,-25.701,26.0569,0.0,0.0,0.0,0.0,0.0,0.0,,19,GOOD,True,30.8572
106623.4344,33,4.2916,-25.701,26.0569,0.0,0.0,0.0,0.0,0.0,0.0,,19,GOOD,True,30.8463
106623.4651,34,4.2916,-25.701,26.0569,0.0,0.0,0.0,0.0,0.0,0.0,,19,GOOD,True,30.906
106623.4975,35,4.2916,-25.701,26.0569,0.0,0.0,0.0,0.0,0.0,0.0,,19,GOOD,True,30.82
106623.5444,36,4.2916,-25.701,26.0569,0.0,0.0,0.0,0.0,0.0,0.0,,19,GOOD,True,30.2986
106623.5754,37,4.2916,-25.701,26.0569,0.0,0.0,0.0,0.0,0.0,0.0,,19,GOOD,True,30.2748
106623.6071,38,4.2916,-25.701,26.0569,0.0,0.0,0.0,0.0,0.0,0.0,,19,GOOD,True,30.2508
106623.6384,39,4.2916,-25.701,26.0569,0.0,0.0,0.0,0.0,0.0,0.0,,19,GOOD,True,30.2779
106623.6706,40,4.2916,-25.701,26.0569,0.0,0.0,0.0,0.0,0.0,0.0,,19,GOOD,True,30.8199
106623.6984,41,4.2916,-25.701,26.0569,0.0,0.0,0.0,0.0,0.0,0.0,,19,GOOD,True,30.9212
106623.7297,42,4.2916,-25.701,26.0569,0.0,0.0,0.0,0.0,0.0,0.0,,19,GOOD,True,30.9133
106623.776,43,4.2916,-25.701,26.0569,0.0,0.0,0.0,0.0,0.0,0.0,,19,GOOD,True,30.496
106623.807,44,4.2916,-25.701,26.0569,0.0,0.0,0.0,0.0,0.0,0.0,0.6925,19,GOOD,True,30.2182
106623.8398,45,4.2916,-25.701,26.0569,0.0,0.0,0.0,0.0,0.0,0.0,0.6771,19,GOOD,True,30.1552
106623.8715,46,4.2916,-25.701,26.0569,0.0,0.0,0.0,0.0,0.0,0.0,0.6629,19,GOOD,True,30.1545
106623.9021,47,4.2916,-25.701,26.0569,0.0,0.0,0.0,0.0,0.0,0.0,0.6498,19,GOOD,True,30.1684
106623.9317,48,4.2916,-25.701,26.0569,0.0,0.0,0.0,0.0,0.0,0.0,0.6375,19,GOOD,True,30.2282
106623.9631,49,4.2916,-25.701,26.0569,0.0,0.0,0.0,0.0,0.0,0.0,0.625,19,GOOD,True,30.7132
106623.9928,50,4.2916,-25.701,26.0569,0.0,0.0,0.0,0.0,0.0,0.0,0.6136,19,GOOD,True,30.7177
106624.0414,51,4.2916,-25.701,26.0569,0.0,0.0,0.0,0.0,0.0,0.0,0.5958,19,GOOD,True,30.1845
106624.0706,52,4.2916,-25.701,26.0569,0.0,0.0,0.0,0.0,0.0,0.0,0.5856,19,GOOD,True,30.2304
106624.101,53,4.2916,-25.701,26.0569,0.0,0.0,0.0,0.0,0.0,0.0,0.5754,19,GOOD,True,30.2345
106624.1295,54,4.2916,-25.701,26.0569,0.0,0.0,0.0,0.0,0.0,0.0,0.5661,19,GOOD,True,30.3564
106624.1627,55,4.2916,-25.701,26.0569,0.0,0.0,0.0,0.0,0.0,0.0,0.5557,19,GOOD,True,30.3342
106624.1942,56,4.2916,-25.701,26.0569,0.0,0.0,0.0,0.0,0.0,0.0,0.5461,19,GOOD,True,30.3184
106624.2248,57,4.2916,-25.701,26.0569,0.0,0.0,0.0,0.0,0.0,0.0,0.5371,19,GOOD,True,30.7329
106624.2738,58,4.2916,-25.701,26.0569,0.0,0.0,0.0,0.0,0.0,0.0,0.5233,19,GOOD,True,30.1424
106624.3047,59,4.2916,-25.701,26.0569,0.0,0.0,0.0,0.0,0.0,0.0,0.515,19,GOOD,True,30.1139
106624.3374,60,4.2916,-25.701,26.0569,0.0,0.0,0.0,0.0,0.0,0.0,0.5064,19,GOOD,True,30.1914
106624.3673,61,4.2916,-25.701,26.0569,0.0,0.0,0.0,0.0,0.0,0.0,0.9978,19,GOOD,True,30.1712
106624.4012,62,4.2916,-25.701,26.0569,0.0,0.0,0.0,0.0,0.0,0.0,0.9812,19,GOOD,True,29.9952
106624.4315,63,4.2916,-25.701,26.0569,0.0,0.0,0.0,0.0,0.0,0.0,0.9669,19,GOOD,True,30.0105
106624.463,64,4.2916,-25.701,26.0569,0.0,0.0,0.0,0.0,0.0,0.0,0.9524,19,GOOD,True,30.036
106624.4946,65,4.2916,-25.701,26.0569,0.0,0.0,0.0,0.0,0.0,0.0,0.9382,19,GOOD,True,30.5192
106624.5263,66,4.2916,-25.701,26.0569,0.0,0.0,0.0,0.0,0.0,0.0,0.9245,19,GOOD,True,30.4977
106624.5566,67,4.2916,-25.701,26.0569,0.0,0.0,0.0,0.0,0.0,0.0,0.9118,19,GOOD,True,30.5444
106624.5882,68,4.2916,-25.701,26.0569,0.0,0.0,0.0,0.0,0.0,0.0,0.8988,19,GOOD,True,30.5334
106624.635,69,4.2916,-25.701,26.0569,0.0,0.0,0.0,0.0,0.0,0.0,0.8802,19,GOOD,True,30.0712
106624.663,70,4.2916,-25.701,26.0569,0.0,0.0,0.0,0.0,0.0,0.0,0.8695,19,GOOD,True,30.0629
106624.6948,71,4.2916,-25.701,26.0569,0.0,0.0,0.0,0.0,0.0,0.0,0.8577,19,GOOD,True,30.0481
106624.7247,72,4.2916,-25.701,26.0569,0.0,0.0,0.0,0.0,0.0,0.0,0.8468,19,GOOD,True,30.5666
106624.7575,73,4.2916,-25.701,26.0569,0.0,0.0,0.0,0.0,0.0,0.0,0.8352,19,GOOD,True,30.5103
106624.7886,74,4.2916,-25.701,26.0569,0.0,0.0,0.0,0.0,0.0,0.0,0.8245,19,GOOD,True,30.5638
106624.8201,75,4.2916,-25.701,26.0569,0.0,0.0,0.0,0.0,0.0,0.0,0.814,19,GOOD,True,30.5717
106624.8654,76,4.2916,-25.701,26.0569,0.0,0.0,0.0,0.0,0.0,0.0,0.7992,19,GOOD,True,30.102
106624.8972,77,4.2916,-25.701,26.0569,0.0,0.0,0.0,0.0,0.0,0.0,0.7892,19,GOOD,True,30.0369
106624.9271,78,4.2916,-25.701,26.0569,0.0,0.0,0.0,0.0,0.0,0.0,0.78,19,GOOD,True,30.0826
106624.9584,79,4.2916,-25.701,26.0569,0.0,0.0,0.0,0.0,0.0,0.0,0.7706,19,GOOD,True,30.0318
106624.9911,80,4.2916,-25.701,26.0569,0.0,0.0,0.0,0.0,0.0,0.0,0.761,19,GOOD,True,30.5347
106625.0236,81,4.2916,-25.701,26.0569,0.0,0.0,0.0,0.0,0.0,0.0,0.7517,19,GOOD,True,30.4291
106625.0542,82,4.2916,-25.701,26.0569,0.0,0.0,0.0,0.0,0.0,0.0,0.7432,19,GOOD,True,30.4249
106625.0848,83,4.2916,-25.701,26.0569,0.0,0.0,0.0,0.0,0.0,0.0,0.7348,19,GOOD,True,30.3554
106625.13,84,4.2916,-25.701,26.0569,0.0,0.0,0.0,0.0,0.0,0.0,0.7228,19,GOOD,True,29.9811
106625.1599,85,4.2916,-25.701,26.0569,0.0,0.0,0.0,0.0,0.0,0.0,0.715,19,GOOD,True,30.029
106625.1904,86,4.2916,-25.701,26.0569,0.0,0.0,0.0,0.0,0.0,0.0,0.7073,19,GOOD,True,30.0319
106625.2223,87,4.2916,-25.701,26.0569,0.0,0.0,0.0,0.0,0.0,0.0,0.6995,19,GOOD,True,30.5756
106625.254,88,4.2916,-25.701,26.0569,0.0,0.0,0.0,0.0,0.0,0.0,0.6918,19,GOOD,True,30.5508
106625.2829,89,4.2916,-25.701,26.0569,0.0,0.0,0.0,0.0,0.0,0.0,0.685,19,GOOD,True,30.6731
106625.314,90,4.2916,-25.701,26.0569,0.0,0.0,0.0,0.0,0.0,0.0,0.6777,19,GOOD,True,30.6349
106625.361,91,4.2916,-25.701,26.0569,0.0,0.0,0.0,0.0,0.0,0.0,0.6671,19,GOOD,True,30.2159
106625.3919,92,4.2916,-25.701,26.0569,0.0,0.0,0.0,0.0,0.0,0.0,0.6603,19,GOOD,True,30.1949
106625.4259,93,4.2916,-25.701,26.0569,0.0,0.0,0.0,0.0,0.0,0.0,0.6529,19,GOOD,True,30.1181
106625.4565,94,4.2916,-25.701,26.0569,0.0,0.0,0.0,0.0,0.0,0.0,0.6465,19,GOOD,True,30.1483
106625.4873,95,4.2916,-25.701,26.0569,0.0,0.0,0.0,0.0,0.0,0.0,0.6401,19,GOOD,True,30.1788
106625.5177,96,4.2916,-25.701,26.0569,0.0,0.0,0.0,0.0,0.0,0.0,0.634,19,GOOD,True,30.1731
106625.5483,97,4.2916,-25.701,26.0569,0.0,0.0,0.0,0.0,0.0,0.0,0.6279,19,GOOD,True,30.2025
106625.5791,98,4.2916,-25.701,26.0569,0.0,0.0,0.0,0.0,0.0,0.0,0.6219,19,GOOD,True,30.7174
106625.6096,99,4.2916,-25.701,26.0569,0.0,0.0,0.0,0.0,0.0,0.0,0.616,19,GOOD,True,30.6378
106625.6564,100,4.2916,-25.701,26.0569,0.0,0.0,0.0,0.0,0.0,0.0,0.6072,19,GOOD,True,30.1595
106625.6887,101,4.2916,-25.701,26.0569,0.0,0.0,0.0,0.0,0.0,0.0,0.6013,19,GOOD,True,30.0835
106625.7193,102,4.2916,-25.701,26.0569,0.0,0.0,0.0,0.0,0.0,0.0,0.5959,19,GOOD,True,30.1517
106625.7496,103,4.2916,-25.701,26.0569,0.0,0.0,0.0,0.0,0.0,0.0,0.5905,19,GOOD,True,30.1773
106625.7805,104,4.2916,-25.701,26.0569,0.0,0.0,0.0,0.0,0.0,0.0,0.5852,19,GOOD,True,30.1969
106625.8123,105,4.2916,-25.701,26.0569,0.0,0.0,0.0,0.0,0.0,0.0,0.5798,19,GOOD,True,30.6272
106625.843,106,4.2916,-25.701,26.0569,0.0,0.0,0.0,0.0,0.0,0.0,0.5747,19,GOOD,True,30.6606
106625.8742,107,4.2916,-25.701,26.0569,0.0,0.0,0.0,0.0,0.0,0.0,0.5696,19,GOOD,True,30.6188
106625.9239,108,4.2916,-25.701,26.0569,0.0,0.0,0.0,0.0,0.0,0.0,0.5616,19,GOOD,True,30.0381
106625.9538,109,4.2916,-25.701,26.0569,0.0,0.0,0.0,0.0,0.0,0.0,0.5569,19,GOOD,True,30.1224
106625.9833,110,4.2916,-25.701,26.0569,0.0,0.0,0.0,0.0,0.0,0.0,0.5524,19,GOOD,True,30.2198
106626.0131,111,4.2916,-25.701,26.0569,0.0,0.0,0.0,0.0,0.0,0.0,0.5479,19,GOOD,True,30.2404
106626.0446,112,4.2916,-25.701,26.0569,0.0,0.0,0.0,0.0,0.0,0.0,0.5432,19,GOOD,True,30.2164
106626.0763,113,4.2916,-25.701,26.0569,0.0,0.0,0.0,0.0,0.0,0.0,0.5386,19,GOOD,True,30.6445
106626.1066,114,4.2916,-25.701,26.0569,0.0,0.0,0.0,0.0,0.0,0.0,0.5342,19,GOOD,True,30.6329
106626.155,115,4.2916,-25.701,26.0569,0.0,0.0,0.0,0.0,0.0,0.0,0.5274,19,GOOD,True,30.0649
106626.1842,116,4.2916,-25.701,26.0569,0.0,0.0,0.0,0.0,0.0,0.0,0.5234,19,GOOD,True,30.147
106626.2139,117,4.2916,-25.701,26.0569,0.0,0.0,0.0,0.0,0.0,0.0,0.5193,19,GOOD,True,30.2108
106626.2443,118,4.2916,-25.701,26.0569,0.0,0.0,0.0,0.0,0.0,0.0,0.5153,19,GOOD,True,30.1618
106626.2748,119,4.2916,-25.701,26.0569,0.0,0.0,0.0,0.0,0.0,0.0,0.5113,19,GOOD,True,30.1826
106626.3071,120,4.2916,-25.701,26.0569,0.0,0.0,0.0,0.0,0.0,0.0,0.5071,19,GOOD,True,30.652
106626.3393,121,4.2916,-25.701,26.0569,0.0,0.0,0.0,0.0,0.0,0.0,0.503,19,GOOD,True,30.6087
106626.3852,122,4.2916,-25.701,26.0569,0.0,0.0,0.0,0.0,0.0,0.0,0.7458,19,GOOD,True,30.2285
106626.4132,123,4.2916,-25.701,26.0569,0.0,0.0,0.0,0.0,0.0,0.0,0.7407,19,GOOD,True,30.314
106626.446,124,4.2916,-25.701,26.0569,0.0,0.0,0.0,0.0,0.0,0.0,0.7347,19,GOOD,True,30.2474
106626.4762,125,4.2916,-25.701,26.0569,0.0,0.0,0.0,0.0,0.0,0.0,0.7293,19,GOOD,True,30.2543
106626.5077,126,4.2916,-25.701,26.0569,0.0,0.0,0.0,0.0,0.0,0.0,0.7238,19,GOOD,True,30.2295
106626.5396,127,4.2916,-25.701,26.0569,0.0,0.0,0.0,0.0,0.0,0.0,0.7183,19,GOOD,True,30.1928
106626.5711,128,4.2916,-25.701,26.0569,0.0,0.0,0.0,0.0,0.0,0.0,0.7129,19,GOOD,True,30.1597
106626.6013,129,4.2916,-25.701,26.0569,0.0,0.0,0.0,0.0,0.0,0.0,0.7158,19,GOOD,True,30.6912
106626.6477,130,4.2916,-25.701,26.0569,0.0,0.0,0.0,0.0,0.0,0.0,0.7119,19,GOOD,True,30.2407
106626.679,131,4.2916,-25.701,26.0569,0.0,0.0,0.0,0.0,0.0,0.0,0.7113,19,GOOD,True,30.2161
106626.7103,132,4.2916,-25.701,26.0569,0.0,0.0,0.0,0.0,0.0,0.0,0.7115,19,GOOD,True,30.1866
106626.7402,133,4.2916,-25.701,26.0569,0.0,0.0,0.0,0.0,0.0,0.0,0.7115,19,GOOD,True,30.2179
106626.7721,134,4.2916,-25.701,26.0569,0.0,0.0,0.0,0.0,0.0,0.0,0.7113,19,GOOD,True,30.2138
106626.8048,135,4.2916,-25.701,26.0569,0.0,0.0,0.0,0.0,0.0,0.0,0.7109,19,GOOD,True,30.1517
106626.8338,136,4.2916,-25.701,26.0569,0.0,0.0,0.0,0.0,0.0,0.0,0.7112,19,GOOD,True,30.2237
106626.8637,137,4.2916,-25.701,26.0569,0.0,0.0,0.0,0.0,0.0,0.0,0.7116,19,GOOD,True,30.8582
106626.9101,138,4.2916,-25.701,26.0569,0.0,0.0,0.0,0.0,0.0,0.0,0.9494,19,GOOD,True,30.3254
106626.9411,139,4.2916,-25.701,26.0569,0.0,0.0,0.0,0.0,0.0,0.0,0.9493,19,GOOD,True,30.2774
106626.9729,140,4.2916,-25.701,26.0569,0.0,0.0,0.0,0.0,0.0,0.0,1.1865,19,GOOD,True,30.2168
106627.0046,141,4.2916,-25.701,26.0569,0.0,0.0,0.0,0.0,0.0,0.0,1.4243,19,GOOD,True,30.2067
106627.036,142,4.2916,-25.701,26.0569,0.0,0.0,0.0,0.0,0.0,0.0,1.895,19,GOOD,True,30.2181
106627.0661,143,4.2916,-25.701,26.0569,0.0,0.0,0.0,0.0,0.0,0.0,2.6061,19,GOOD,True,30.2266
106627.096,144,4.2916,-25.701,26.0569,0.0,0.0,0.0,0.0,0.0,0.0,4.5033,19,GOOD,True,30.82
106627.1277,145,4.2916,-25.701,26.0569,0.0,0.0,0.0,0.0,0.0,0.0,0.7109,19,GOOD,True,30.7379
106627.1739,146,4.2916,-25.701,26.0569,0.0,0.0,0.0,0.0,0.0,0.0,0.7084,19,GOOD,True,30.21
106627.2053,147,4.2916,-25.701,26.0569,0.0,0.0,0.0,0.0,0.0,0.0,,19,GOOD,True,30.1774
106627.2359,148,4.2916,-25.701,26.0569,0.0,0.0,0.0,0.0,0.0,0.0,,19,GOOD,True,30.1732
106627.2668,149,4.2916,-25.701,26.0569,0.0,0.0,0.0,0.0,0.0,0.0,,19,GOOD,True,30.2164
106627.2975,150,4.2916,-25.701,26.0569,0.0,0.0,0.0,0.0,0.0,0.0,,19,GOOD,True,30.2663
106627.3287,151,4.2916,-25.701,26.0569,0.0,0.0,0.0,0.0,0.0,0.0,,19,GOOD,True,30.7373
106627.3599,152,4.2916,-25.701,26.0569,0.0,0.0,0.0,0.0,0.0,0.0,,19,GOOD,True,30.632
106627.4065,153,4.2916,-25.701,26.0569,0.0,0.0,0.0,0.0,0.0,0.0,,19,GOOD,True,30.1937
106627.4381,154,4.2916,-25.701,26.0569,0.0,0.0,0.0,0.0,0.0,0.0,,19,GOOD,True,30.1491
106627.4718,155,4.2916,-25.701,26.0569,0.0,0.0,0.0,0.0,0.0,0.0,,19,GOOD,True,30.0783
106627.5013,156,4.2916,-25.701,26.0569,0.0,0.0,0.0,0.0,0.0,0.0,,19,GOOD,True,30.1538
106627.5297,157,4.2916,-25.701,26.0569,0.0,0.0,0.0,0.0,0.0,0.0,,19,GOOD,True,30.2521
106627.5617,158,4.2916,-25.701,26.0569,0.0,0.0,0.0,0.0,0.0,0.0,,19,GOOD,True,30.1952
106627.5936,159,4.2916,-25.701,26.0569,0.0,0.0,0.0,0.0,0.0,0.0,,19,GOOD,True,30.6569
106627.6239,160,4.2916,-25.701,26.0569,0.0,0.0,0.0,0.0,0.0,0.0,,19,GOOD,True,30.6915
106627.657,161,4.2916,-25.701,26.0569,0.0,0.0,0.0,0.0,0.0,0.0,,19,GOOD,True,30.6327
106627.7041,162,4.2916,-25.701,26.0569,0.0,0.0,0.0,0.0,0.0,0.0,,19,GOOD,True,30.0865
106627.7353,163,4.2916,-25.701,26.0569,0.0,0.0,0.0,0.0,0.0,0.0,,19,GOOD,True,30.108
106627.7645,164,4.2916,-25.701,26.0569,0.0,0.0,0.0,0.0,0.0,0.0,,19,GOOD,True,30.2185
106627.7953,165,4.2916,-25.701,26.0569,0.0,0.0,0.0,0.0,0.0,0.0,,19,GOOD,True,30.1604
106627.826,166,4.2916,-25.701,26.0569,0.0,0.0,0.0,0.0,0.0,0.0,,19,GOOD,True,30.134
106627.858,167,4.2916,-25.701,26.0569,0.0,0.0,0.0,0.0,0.0,0.0,,19,GOOD,True,30.5933
106627.8898,168,4.2916,-25.701,26.0569,0.0,0.0,0.0,0.0,0.0,0.0,,19,GOOD,True,30.5658
106627.9214,169,4.2916,-25.701,26.0569,0.0,0.0,0.0,0.0,0.0,0.0,,19,GOOD,True,30.5737
106627.9666,170,4.2916,-25.701,26.0569,0.0,0.0,0.0,0.0,0.0,0.0,,19,GOOD,True,30.1449
106627.9974,171,4.2916,-25.701,26.0569,0.0,0.0,0.0,0.0,0.0,0.0,,19,GOOD,True,30.1646
106628.0283,172,4.2916,-25.701,26.0569,0.0,0.0,0.0,0.0,0.0,0.0,,19,GOOD,True,30.1376
106628.0592,173,4.2916,-25.701,26.0569,0.0,0.0,0.0,0.0,0.0,0.0,,19,GOOD,True,30.1074
106628.0904,174,4.2916,-25.701,26.0569,0.0,0.0,0.0,0.0,0.0,0.0,,19,GOOD,True,30.1241
106628.1214,175,4.2916,-25.701,26.0569,0.0,0.0,0.0,0.0,0.0,0.0,,19,GOOD,True,30.6063
106628.1532,176,4.2916,-25.701,26.0569,0.0,0.0,0.0,0.0,0.0,0.0,,19,GOOD,True,30.5959
106628.1988,177,4.2916,-25.701,26.0569,0.0,0.0,0.0,0.0,0.0,0.0,,19,GOOD,True,30.1169
106628.2288,178,4.2916,-25.701,26.0569,0.0,0.0,0.0,0.0,0.0,0.0,,19,GOOD,True,30.1449
106628.2596,179,4.2916,-25.701,26.0569,0.0,0.0,0.0,0.0,0.0,0.0,,19,GOOD,True,30.1426
106628.2903,180,4.2916,-25.701,26.0569,0.0,0.0,0.0,0.0,0.0,0.0,,19,GOOD,True,30.1585
106628.3223,181,4.2916,-25.701,26.0569,0.0,0.0,0.0,0.0,0.0,0.0,,19,GOOD,True,30.133
106628.3538,182,4.2916,-25.701,26.0569,0.0,0.0,0.0,0.0,0.0,0.0,,19,GOOD,True,30.6137
106628.3856,183,4.2916,-25.701,26.0569,0.0,0.0,0.0,0.0,0.0,0.0,,19,GOOD,True,30.6075
106628.4157,184,4.2916,-25.701,26.0569,0.0,0.0,0.0,0.0,0.0,0.0,,19,GOOD,True,30.7224
106628.4603,185,4.2916,-25.701,26.0569,0.0,0.0,0.0,0.0,0.0,0.0,,19,GOOD,True,30.2406
106628.4937,186,4.2916,-25.701,26.0569,0.0,0.0,0.0,0.0,0.0,0.0,,19,GOOD,True,30.0844
106628.5235,187,4.2916,-25.701,26.0569,0.0,0.0,0.0,0.0,0.0,0.0,,19,GOOD,True,30.1508
106628.5553,188,4.2916,-25.701,26.0569,0.0,0.0,0.0,0.0,0.0,0.0,,19,GOOD,True,30.1571
106628.5869,189,4.2916,-25.701,26.0569,0.0,0.0,0.0,0.0,0.0,0.0,,19,GOOD,True,30.1153
106628.6193,190,4.2916,-25.701,26.0569,0.0,0.0,0.0,0.0,0.0,0.0,,19,GOOD,True,30.1359
106628.6496,191,4.2916,-25.701,26.0569,0.0,0.0,0.0,0.0,0.0,0.0,,19,GOOD,True,30.6713
106628.679,192,4.2916,-25.701,26.0569,0.0,0.0,0.0,0.0,0.0,0.0,,19,GOOD,True,30.7327
106628.7262,193,4.2916,-25.701,26.0569,0.0,0.0,0.0,0.0,0.0,0.0,,19,GOOD,True,30.156
106628.7575,194,4.2916,-25.701,26.0569,0.0,0.0,0.0,0.0,0.0,0.0,,19,GOOD,True,30.1393
106628.7889,195,4.2916,-25.701,26.0569,0.0,0.0,0.0,0.0,0.0,0.0,,19,GOOD,True,30.1169
106628.8199,196,4.2916,-25.701,26.0569,0.0,0.0,0.0,0.0,0.0,0.0,,19,GOOD,True,30.1492
106628.8498,197,4.2916,-25.701,26.0569,0.0,0.0,0.0,0.0,0.0,0.0,,19,GOOD,True,30.2093
106628.8794,198,4.2916,-25.701,26.0569,0.0,0.0,0.0,0.0,0.0,0.0,,19,GOOD,True,30.2728
106628.9116,199,4.2916,-25.701,26.0569,0.0,0.0,0.0,0.0,0.0,0.0,,19,GOOD,True,30.6895
106628.9423,200,4.2916,-25.701,26.0569,0.0,0.0,0.0,0.0,0.0,0.0,,19,GOOD,True,30.6927
106628.9902,201,4.2916,-25.701,26.0569,0.0,0.0,0.0,0.0,0.0,0.0,,19,GOOD,True,30.1492
106629.0222,202,4.2916,-25.701,26.0569,0.0,0.0,0.0,0.0,0.0,0.0,,19,GOOD,True,30.1121
106629.0538,203,4.2916,-25.701,26.0569,0.0,0.0,0.0,0.0,0.0,0.0,,19,GOOD,True,30.1019
106629.0853,204,4.2916,-25.701,26.0569,0.0,0.0,0.0,0.0,0.0,0.0,,19,GOOD,True,30.0861
106629.1161,205,4.2916,-25.701,26.0569,0.0,0.0,0.0,0.0,0.0,0.0,,19,GOOD,True,30.1176
106629.1462,206,4.2916,-25.701,26.0569,0.0,0.0,0.0,0.0,0.0,0.0,,19,GOOD,True,30.6097
106629.1769,207,4.2916,-25.701,26.0569,0.0,0.0,0.0,0.0,0.0,0.0,,19,GOOD,True,30.5872
106629.2083,208,4.2916,-25.701,26.0569,0.0,0.0,0.0,0.0,0.0,0.0,,19,GOOD,True,30.5683
106629.2405,209,4.2916,-25.701,26.0569,0.0,0.0,0.0,0.0,0.0,0.0,,19,GOOD,True,30.521
106629.289,210,4.2916,-25.701,26.0569,0.0,0.0,0.0,0.0,0.0,0.0,,19,GOOD,True,29.9993
106629.3188,211,4.2916,-25.701,26.0569,0.0,0.0,0.0,0.0,0.0,0.0,,19,GOOD,True,30.0497
106629.3491,212,4.2916,-25.701,26.0569,0.0,0.0,0.0,0.0,0.0,0.0,,19,GOOD,True,30.0998
106629.3794,213,4.2916,-25.701,26.0569,0.0,0.0,0.0,0.0,0.0,0.0,,19,GOOD,True,30.0929
106629.4121,214,4.2916,-25.701,26.0569,0.0,0.0,0.0,0.0,0.0,0.0,,19,GOOD,True,30.4684
106629.4422,215,4.2916,-25.701,26.0569,0.0,0.0,0.0,0.0,0.0,0.0,,19,GOOD,True,30.5754
106629.4722,216,4.2916,-25.701,26.0569,0.0,0.0,0.0,0.0,0.0,0.0,,19,GOOD,True,30.5689
106629.5072,217,4.2916,-25.701,26.0569,0.0,0.0,0.0,0.0,0.0,0.0,,19,GOOD,True,30.4634
106629.552,218,4.2916,-25.701,26.0569,0.0,0.0,0.0,0.0,0.0,0.0,,19,GOOD,True,30.0482
106629.5822,219,4.2916,-25.701,26.0569,0.0,0.0,0.0,0.0,0.0,0.0,,19,GOOD,True,30.1184
106629.6121,220,4.2916,-25.701,26.0569,0.0,0.0,0.0,0.0,0.0,0.0,,19,GOOD,True,30.1277
106629.642,221,4.2916,-25.701,26.0569,0.0,0.0,0.0,0.0,0.0,0.0,,19,GOOD,True,30.1118
106629.6722,222,4.2916,-25.701,26.0569,0.0,0.0,0.0,0.0,0.0,0.0,,19,GOOD,True,30.6534
106629.7058,223,4.2916,-25.701,26.0569,0.0,0.0,0.0,0.0,0.0,0.0,,19,GOOD,True,30.5814
106629.7518,224,4.2916,-25.701,26.0569,0.0,0.0,0.0,0.0,0.0,0.0,,19,GOOD,True,30.119
106629.7795,225,4.2916,-25.701,26.0569,0.0,0.0,0.0,0.0,0.0,0.0,,19,GOOD,True,30.2213
106629.8114,226,4.2916,-25.701,26.0569,0.0,0.0,0.0,0.0,0.0,0.0,,19,GOOD,True,30.1576
106629.8416,227,4.2916,-25.701,26.0569,0.0,0.0,0.0,0.0,0.0,0.0,,19,GOOD,True,30.1377
106629.8729,228,4.2916,-25.701,26.0569,0.0,0.0,0.0,0.0,0.0,0.0,,19,GOOD,True,30.1663
106629.9049,229,4.2916,-25.701,26.0569,0.0,0.0,0.0,0.0,0.0,0.0,,19,GOOD,True,30.1259
106629.9353,230,4.2916,-25.701,26.0569,0.0,0.0,0.0,0.0,0.0,0.0,,19,GOOD,True,30.6827
106629.982,231,4.2916,-25.701,26.0569,0.0,0.0,0.0,0.0,0.0,0.0,,19,GOOD,True,30.2161
106630.0112,232,4.2916,-25.701,26.0569,0.0,0.0,0.0,0.0,0.0,0.0,,19,GOOD,True,30.2888
106630.043,233,4.2916,-25.701,26.0569,0.0,0.0,0.0,0.0,0.0,0.0,,19,GOOD,True,30.2802
106630.0741,234,4.2916,-25.701,26.0569,0.0,0.0,0.0,0.0,0.0,0.0,,19,GOOD,True,30.2697
106630.1054,235,4.2916,-25.701,26.0569,0.0,0.0,0.0,0.0,0.0,0.0,,19,GOOD,True,30.2355
106630.1374,236,4.2916,-25.701,26.0569,0.0,0.0,0.0,0.0,0.0,0.0,,19,GOOD,True,30.1932
106630.1698,237,4.2916,-25.701,26.0569,0.0,0.0,0.0,0.0,0.0,0.0,,19,GOOD,True,30.1619
106630.1992,238,4.2916,-25.701,26.0569,0.0,0.0,0.0,0.0,0.0,0.0,,19,GOOD,True,30.2468
106630.2305,239,4.2916,-25.701,26.0569,0.0,0.0,0.0,0.0,0.0,0.0,,19,GOOD,True,30.8024
106630.2788,240,4.2916,-25.701,26.0569,0.0,0.0,0.0,0.0,0.0,0.0,,19,GOOD,True,30.2092
106630.3073,241,4.2916,-25.701,26.0569,0.0,0.0,0.0,0.0,0.0,0.0,,19,GOOD,True,30.2632
106630.3396,242,4.2916,-25.701,26.0569,0.0,0.0,0.0,0.0,0.0,0.0,,19,GOOD,True,30.2015
106630.371,243,4.2916,-25.701,26.0569,0.0,0.0,0.0,0.0,0.0,0.0,,19,GOOD,True,30.2427
106630.4025,244,4.2916,-25.701,26.0569,0.0,0.0,0.0,0.0,0.0,0.0,,19,GOOD,True,30.1989
106630.4315,245,4.2916,-25.701,26.0569,0.0,0.0,0.0,0.0,0.0,0.0,,19,GOOD,True,30.2308
106630.4637,246,4.2916,-25.701,26.0569,0.0,0.0,0.0,0.0,0.0,0.0,,19,GOOD,True,30.3212
106630.4946,247,4.2916,-25.701,26.0569,0.0,0.0,0.0,0.0,0.0,0.0,,19,GOOD,True,30.7655
106630.5452,248,4.2916,-25.701,26.0569,0.0,0.0,0.0,0.0,0.0,0.0,,19,GOOD,True,30.1136
106630.5736,249,4.2916,-25.701,26.0569,0.0,0.0,0.0,0.0,0.0,0.0,,19,GOOD,True,30.1638
106630.6055,250,4.2916,-25.701,26.0569,0.0,0.0,0.0,0.0,0.0,0.0,,19,GOOD,True,30.1001
106630.6371,251,4.2916,-25.701,26.0569,0.0,0.0,0.0,0.0,0.0,0.0,,19,GOOD,True,30.0552
106630.6682,252,4.2916,-25.701,26.0569,0.0,0.0,0.0,0.0,0.0,0.0,,19,GOOD,True,30.1308
106630.6987,253,4.2916,-25.701,26.0569,0.0,0.0,0.0,0.0,0.0,0.0,,19,GOOD,True,30.6268
106630.73,254,4.2916,-25.701,26.0569,0.0,0.0,0.0,0.0,0.0,0.0,,19,GOOD,True,30.5123
106630.7613,255,4.2916,-25.701,26.0569,0.0,0.0,0.0,0.0,0.0,0.0,,19,GOOD,True,30.5302
106630.7925,256,4.2916,-25.701,26.0569,0.0,0.0,0.0,0.0,0.0,0.0,,19,GOOD,True,30.4975
106630.8388,257,4.2916,-25.701,26.0569,0.0,0.0,0.0,0.0,0.0,0.0,,19,GOOD,True,30.0255
106630.8712,258,4.2916,-25.701,26.0569,0.0,0.0,0.0,0.0,0.0,0.0,,19,GOOD,True,30.0099
106630.9046,259,4.2916,-25.701,26.0569,0.0,0.0,0.0,0.0,0.0,0.0,,19,GOOD,True,29.9188
106630.934,260,4.2916,-25.701,26.0569,0.0,0.0,0.0,0.0,0.0,0.0,,19,GOOD,True,30.4636
106630.9642,261,4.2916,-25.701,26.0569,0.0,0.0,0.0,0.0,0.0,0.0,,19,GOOD,True,30.4323
106630.9947,262,4.2916,-25.701,26.0569,0.0,0.0,0.0,0.0,0.0,0.0,,19,GOOD,True,30.4727
106631.0254,263,4.2916,-25.701,26.0569,0.0,0.0,0.0,0.0,0.0,0.0,,19,GOOD,True,30.4841
106631.0573,264,4.2916,-25.701,26.0569,0.0,0.0,0.0,0.0,0.0,0.0,,19,GOOD,True,30.464
106631.0898,265,4.2916,-25.701,26.0569,0.0,0.0,0.0,0.0,0.0,0.0,,19,GOOD,True,30.4485
106631.1372,266,4.2916,-25.701,26.0569,0.0,0.0,0.0,0.0,0.0,0.0,,19,GOOD,True,29.9749
106631.1696,267,4.2916,-25.701,26.0569,0.0,0.0,0.0,0.0,0.0,0.0,,19,GOOD,True,29.8859
106631.1988,268,4.2916,-25.701,26.0569,0.0,0.0,0.0,0.0,0.0,0.0,,19,GOOD,True,29.948
106631.2306,269,4.2916,-25.701,26.0569,0.0,0.0,0.0,0.0,0.0,0.0,,19,GOOD,True,30.469
106631.2622,270,4.2916,-25.701,26.0569,0.0,0.0,0.0,0.0,0.0,0.0,,19,GOOD,True,30.3714
106631.2931,271,4.2916,-25.701,26.0569,0.0,0.0,0.0,0.0,0.0,0.0,,19,GOOD,True,30.4153
106631.3244,272,4.2916,-25.701,26.0569,0.0,0.0,0.0,0.0,0.0,0.0,,19,GOOD,True,30.4174
106631.3557,273,4.2916,-25.701,26.0569,0.0,0.0,0.0,0.0,0.0,0.0,,19,GOOD,True,30.4223
106631.3872,274,4.2916,-25.701,26.0569,0.0,0.0,0.0,0.0,0.0,0.0,,19,GOOD,True,30.3434
106631.4335,275,4.2916,-25.701,26.0569,0.0,0.0,0.0,0.0,0.0,0.0,,19,GOOD,True,29.9009
106631.4621,276,4.2916,-25.701,26.0569,0.0,0.0,0.0,0.0,0.0,0.0,,19,GOOD,True,29.9767
106631.4932,277,4.2916,-25.701,26.0569,0.0,0.0,0.0,0.0,0.0,0.0,,19,GOOD,True,30.5886
106631.5244,278,4.2916,-25.701,26.0569,0.0,0.0,0.0,0.0,0.0,0.0,,19,GOOD,True,30.4984
106631.5587,279,4.2916,-25.701,26.0569,0.0,0.0,0.0,0.0,0.0,0.0,,19,GOOD,True,30.4245
106631.5891,280,4.2916,-25.701,26.0569,0.0,0.0,0.0,0.0,0.0,0.0,,19,GOOD,True,30.4638
106631.6202,281,4.2916,-25.701,26.0569,0.0,0.0,0.0,0.0,0.0,0.0,,19,GOOD,True,30.4649
106631.6517,282,4.2916,-25.701,26.0569,0.0,0.0,0.0,0.0,0.0,0.0,,19,GOOD,True,30.4284
106631.6967,283,4.2916,-25.701,26.0569,0.0,0.0,0.0,0.0,0.0,0.0,,19,GOOD,True,29.9977
106631.727,284,4.2916,-25.701,26.0569,0.0,0.0,0.0,0.0,0.0,0.0,,19,GOOD,True,30.0301
106631.7583,285,4.2916,-25.701,26.0569,0.0,0.0,0.0,0.0,0.0,0.0,,19,GOOD,True,30.0272
106631.7888,286,4.2916,-25.701,26.0569,0.0,0.0,0.0,0.0,0.0,0.0,,19,GOOD,True,30.5261
106631.8198,287,4.2916,-25.701,26.0569,0.0,0.0,0.0,0.0,0.0,0.0,,19,GOOD,True,30.5714
106631.8515,288,4.2916,-25.701,26.0569,0.0,0.0,0.0,0.0,0.0,0.0,,19,GOOD,True,30.6284
106631.8803,289,4.2916,-25.701,26.0569,0.0,0.0,0.0,0.0,0.0,0.0,,19,GOOD,True,30.6437
106631.926,290,4.2916,-25.701,26.0569,0.0,0.0,0.0,0.0,0.0,0.0,,19,GOOD,True,30.1518
106631.9572,291,4.2916,-25.701,26.0569,0.0,0.0,0.0,0.0,0.0,0.0,,19,GOOD,True,30.1285
106631.988,292,4.2916,-25.701,26.0569,0.0,0.0,0.0,0.0,0.0,0.0,,19,GOOD,True,30.1274
106632.0186,293,4.2916,-25.701,26.0569,0.0,0.0,0.0,0.0,0.0,0.0,,19,GOOD,True,30.168
106632.0499,294,4.2916,-25.701,26.0569,0.0,0.0,0.0,0.0,0.0,0.0,,19,GOOD,True,30.2072
106632.0819,295,4.2916,-25.701,26.0569,0.0,0.0,0.0,0.0,0.0,0.0,,19,GOOD,True,30.6988
106632.1129,296,4.2916,-25.701,26.0569,0.0,0.0,0.0,0.0,0.0,0.0,,19,GOOD,True,30.743
106632.1445,297,4.2916,-25.701,26.0569,0.0,0.0,0.0,0.0,0.0,0.0,,19,GOOD,True,30.6645
106632.1909,298,4.2916,-25.701,26.0569,0.0,0.0,0.0,0.0,0.0,0.0,,19,GOOD,True,30.2006
106632.222,299,4.2916,-25.701,26.0569,0.0,0.0,0.0,0.0,0.0,0.0,,19,GOOD,True,30.2129
106632.2534,300,4.2916,-25.701,26.0569,0.0,0.0,0.0,0.0,0.0,0.0,,19,GOOD,True,30.1993
106632.2843,301,4.2916,-25.701,26.0569,0.0,0.0,0.0,0.0,0.0,0.0,,19,GOOD,True,30.2101
106632.3157,302,4.2916,-25.701,26.0569,0.0,0.0,0.0,0.0,0.0,0.0,,19,GOOD,True,30.2094
106632.3457,303,4.2916,-25.701,26.0569,0.0,0.0,0.0,0.0,0.0,0.0,,19,GOOD,True,30.2557
106632.3754,304,4.2916,-25.701,26.0569,0.0,0.0,0.0,0.0,0.0,0.0,,19,GOOD,True,30.7905
