timestamp,frame_index,structural_dx_pixels,structural_dy_pixels,structural_displacement_pixels,velocity_x_pixels_s,velocity_y_pixels_s,velocity_magnitude_pixels_s,acceleration_x_pixels_s2,acceleration_y_pixels_s2,acceleration_magnitude_pixels_s2,optical_dominant_frequency_hz,valid_feature_count,tracking_quality,camera_fps
104248.1699,1,0.0000,0.0000,0.0000,0.0000,0.0000,0.0000,0.0000,0.0000,0.0000,,0,LOST,0.0000
104248.2707,2,0.0000,0.0000,0.0000,0.0000,0.0000,0.0000,0.0000,0.0000,0.0000,,0,LOST,9.9184
104248.3059,3,0.0000,0.0000,0.0000,0.0000,0.0000,0.0000,0.0000,0.0000,0.0000,,47,GOOD,14.7008
104248.3366,4,0.0000,0.0000,0.0000,0.0000,0.0000,0.0000,0.0000,0.0000,0.0000,,47,GOOD,18.0017
104248.3495,5,0.0000,0.0000,0.0000,0.0000,0.0000,0.0000,0.0000,0.0000,0.0000,,47,GOOD,22.2674
104248.3580,6,0.0000,0.0000,0.0000,0.0000,0.0000,0.0000,0.0000,0.0000,0.0000,,47,GOOD,26.5779
104248.3890,7,0.0000,0.0000,0.0000,0.0000,0.0000,0.0000,0.0000,0.0000,0.0000,,47,GOOD,27.3863
104248.4223,8,0.0000,0.0000,0.0000,0.0000,0.0000,0.0000,0.0000,0.0000,0.0000,,47,GOOD,27.7336
104248.4529,9,0.0000,0.0000,0.0000,0.0000,0.0000,0.0000,0.0000,0.0000,0.0000,,47,GOOD,28.2732
104248.4851,10,-0.0007,0.0001,0.0007,-0.0208,0.0028,0.0210,-0.3398,0.0463,0.3429,,47,GOOD,28.5491
104248.5330,11,-4.2811,-25.3224,25.6817,-89.4345,-528.9983,536.5052,-1183.8169,-7001.8909,7101.2604,,22,GOOD,27.5395
104248.5627,12,0.0000,0.0000,25.6817,0.0000,0.0000,0.0000,-187.1969,-1107.7820,1123.4873,,19,GOOD,28.0052
104248.5924,13,0.0000,0.0000,25.6817,0.0000,0.0000,0.0000,377.0690,2229.4501,2261.1123,,19,GOOD,28.4046
104248.6220,14,0.0000,0.0000,25.6817,0.0000,0.0000,0.0000,639.9066,3784.1874,3837.9102,,19,GOOD,28.7545
104248.6533,15,0.0000,0.0000,25.6817,0.0000,0.0000,0.0000,573.7127,3393.1969,3441.3560,,19,GOOD,28.9618
104248.6840,16,0.0000,0.0000,25.6817,0.0000,0.0000,0.0000,192.6745,1140.3779,1156.5402,,19,GOOD,29.1798
104248.7170,17,0.0000,0.0000,25.6817,0.0000,0.0000,0.0000,-555.5016,-3285.7486,3332.3754,,19,GOOD,29.2445
104248.7500,18,0.0000,0.0000,25.6817,0.0000,0.0000,0.0000,0.0000,0.0000,0.0000,,19,GOOD,29.3053
104248.7937,19,0.0000,0.0000,25.6817,0.0000,0.0000,0.0000,0.0000,0.0000,0.0000,,19,GOOD,28.8534
104248.8250,20,0.0000,0.0000,25.6817,0.0000,0.0000,0.0000,0.0000,0.0000,0.0000,,19,GOOD,29.0024
104248.8570,21,0.0000,0.0000,25.6817,0.0000,0.0000,0.0000,0.0000,0.0000,0.0000,,19,GOOD,29.1080
104248.8908,22,0.0000,0.0000,25.6817,0.0000,0.0000,0.0000,0.0000,0.0000,0.0000,,19,GOOD,29.1289
104248.9208,23,0.0000,0.0000,25.6817,0.0000,0.0000,0.0000,0.0000,0.0000,0.0000,,19,GOOD,29.2972
104248.9528,24,0.0000,0.0000,25.6817,0.0000,0.0000,0.0000,0.0000,0.0000,0.0000,,19,GOOD,29.3763
104248.9815,25,0.0000,0.0000,25.6817,0.0000,0.0000,0.0000,0.0000,0.0000,0.0000,,19,GOOD,29.5697
104249.0141,26,0.0000,0.0000,25.6817,0.0000,0.0000,0.0000,0.0000,0.0000,0.0000,,19,GOOD,29.6128
104249.0468,27,0.0000,0.0000,25.6817,0.0000,0.0000,0.0000,0.0000,0.0000,0.0000,,19,GOOD,29.6510
104249.0775,28,0.0000,0.0000,25.6817,0.0000,0.0000,0.0000,0.0000,0.0000,0.0000,,19,GOOD,29.7499
104249.1241,29,0.0000,0.0000,25.6817,0.0000,0.0000,0.0000,0.0000,0.0000,0.0000,,19,GOOD,29.3444
104249.1608,30,0.0000,0.0000,25.6817,0.0000,0.0000,0.0000,0.0000,0.0000,0.0000,,19,GOOD,29.2650
104249.1892,31,0.0000,0.0000,25.6817,0.0000,0.0000,0.0000,0.0000,0.0000,0.0000,,19,GOOD,31.5724
104249.2205,32,0.0000,0.0000,25.6817,0.0000,0.0000,0.0000,0.0000,0.0000,0.0000,0.9221,19,GOOD,31.7094
104249.2497,33,0.0000,0.0000,25.6817,0.0000,0.0000,0.0000,0.0000,0.0000,0.0000,0.8980,19,GOOD,31.7583
104249.2800,34,0.0000,0.0000,25.6817,0.0000,0.0000,0.0000,0.0000,0.0000,0.0000,0.8743,19,GOOD,31.1660
104249.3127,35,0.0000,0.0000,25.6817,0.0000,0.0000,0.0000,0.0000,0.0000,0.0000,0.8501,19,GOOD,30.3783
104249.3432,36,0.0000,0.0000,25.6817,0.0000,0.0000,0.0000,0.0000,0.0000,0.0000,0.8286,19,GOOD,30.3904
104249.3743,37,0.0000,0.0000,25.6817,0.0000,0.0000,0.0000,0.0000,0.0000,0.0000,0.8079,19,GOOD,30.4625
104249.4223,38,0.0000,0.0000,25.6817,0.0000,0.0000,0.0000,0.0000,0.0000,0.0000,0.7775,19,GOOD,29.9151
104249.4554,39,0.0000,0.0000,25.6817,0.0000,0.0000,0.0000,0.0000,0.0000,0.0000,0.7580,19,GOOD,29.8899
104249.4862,40,0.0000,0.0000,25.6817,0.0000,0.0000,0.0000,0.0000,0.0000,0.0000,0.7407,19,GOOD,30.4254
104249.5150,41,0.0000,0.0000,25.6817,0.0000,0.0000,0.0000,0.0000,0.0000,0.0000,0.7253,19,GOOD,30.4517
104249.5476,42,0.0000,0.0000,25.6817,0.0000,0.0000,0.0000,0.0000,0.0000,0.0000,0.7085,19,GOOD,30.3578
104249.5788,43,0.0000,0.0000,25.6817,0.0000,0.0000,0.0000,0.0000,0.0000,0.0000,0.6933,19,GOOD,30.3085
104249.6107,44,0.0000,0.0000,25.6817,0.0000,0.0000,0.0000,0.0000,0.0000,0.0000,0.6783,19,GOOD,30.2894
104249.6398,45,0.0000,0.0000,25.6817,0.0000,0.0000,0.0000,0.0000,0.0000,0.0000,0.6652,19,GOOD,30.3403
104249.6864,46,0.0000,0.0000,25.6817,0.0000,0.0000,0.0000,0.0000,0.0000,0.0000,0.6451,19,GOOD,29.9148
104249.7186,47,0.0000,0.0000,25.6817,0.0000,0.0000,0.0000,0.0000,0.0000,0.0000,0.6320,19,GOOD,29.9402
104249.7511,48,0.0000,0.0000,25.6817,0.0000,0.0000,0.0000,0.0000,0.0000,0.0000,0.6193,19,GOOD,30.2921
104249.7792,49,0.0000,0.0000,25.6817,0.0000,0.0000,0.0000,0.0000,0.0000,0.0000,0.6087,19,GOOD,30.3925
104249.8116,50,0.0000,0.0000,25.6817,0.0000,0.0000,0.0000,0.0000,0.0000,0.0000,0.5969,19,GOOD,30.3797
104249.8429,51,0.0000,0.0000,25.6817,0.0000,0.0000,0.0000,0.0000,0.0000,0.0000,0.5860,19,GOOD,30.4599
104249.8746,52,0.0000,0.0000,25.6817,0.0000,0.0000,0.0000,0.0000,0.0000,0.0000,0.5753,19,GOOD,30.4049
104249.9172,53,0.0000,0.0000,25.6817,0.0000,0.0000,0.0000,0.0000,0.0000,0.0000,0.5615,19,GOOD,30.0720
104249.9481,54,0.0000,0.0000,25.6817,0.0000,0.0000,0.0000,0.0000,0.0000,0.0000,0.5519,19,GOOD,30.0030
104249.9804,55,0.0000,0.0000,25.6817,0.0000,0.0000,0.0000,0.0000,0.0000,0.0000,0.5423,19,GOOD,30.0127
104250.0096,56,0.0000,0.0000,25.6817,0.0000,0.0000,0.0000,0.0000,0.0000,0.0000,0.5339,19,GOOD,30.1202
104250.0425,57,0.0000,0.0000,25.6817,0.0000,0.0000,0.0000,0.0000,0.0000,0.0000,0.5246,19,GOOD,30.0500
104250.0740,58,0.0000,0.0000,25.6817,0.0000,0.0000,0.0000,0.0000,0.0000,0.0000,0.5161,19,GOOD,30.5306
104250.1043,59,0.0000,0.0000,25.6817,0.0000,0.0000,0.0000,0.0000,0.0000,0.0000,0.5082,19,GOOD,30.7377
104250.1364,60,0.0000,0.0000,25.6817,0.0000,0.0000,0.0000,0.0000,0.0000,0.0000,0.5000,19,GOOD,30.6167
104250.1816,61,0.0000,0.0000,25.6817,0.0000,0.0000,0.0000,0.0000,0.0000,0.0000,0.9779,19,GOOD,30.1732
104250.2117,62,0.0000,0.0000,25.6817,0.0000,0.0000,0.0000,0.0000,0.0000,0.0000,0.9637,19,GOOD,30.1457
104250.2442,63,0.0000,0.0000,25.6817,0.0000,0.0000,0.0000,0.0000,0.0000,0.0000,0.9489,19,GOOD,30.0777
104250.2754,64,0.0000,0.0000,25.6817,0.0000,0.0000,0.0000,0.0000,0.0000,0.0000,0.9350,19,GOOD,30.1209
104250.3101,65,0.0000,0.0000,25.6817,0.0000,0.0000,0.0000,0.0000,0.0000,0.0000,0.9201,19,GOOD,29.9928
104250.3418,66,0.0000,0.0000,25.6817,0.0000,0.0000,0.0000,0.0000,0.0000,0.0000,0.9069,19,GOOD,29.9743
104250.3743,67,0.0000,0.0000,25.6817,0.0000,0.0000,0.0000,0.0000,0.0000,0.0000,0.8937,19,GOOD,30.4620
104250.4056,68,0.0000,0.0000,25.6817,0.0000,0.0000,0.0000,0.0000,0.0000,0.0000,0.8814,19,GOOD,30.5185
104250.4352,69,0.0000,0.0000,25.6817,0.0000,0.0000,0.0000,0.0000,0.0000,0.0000,0.8701,19,GOOD,30.5563
104250.4690,70,0.0000,0.0000,25.6817,0.0000,0.0000,0.0000,0.0000,0.0000,0.0000,0.8575,19,GOOD,30.4001
104250.5166,71,0.0000,0.0000,25.6817,0.0000,0.0000,0.0000,0.0000,0.0000,0.0000,0.8402,19,GOOD,29.9278
104250.5479,72,0.0000,0.0000,25.6817,0.0000,0.0000,0.0000,0.0000,0.0000,0.0000,0.8293,19,GOOD,29.9244
104250.5777,73,0.0000,0.0000,25.6817,0.0000,0.0000,0.0000,0.0000,0.0000,0.0000,0.8193,19,GOOD,29.9918
104250.6095,74,0.0000,0.0000,25.6817,0.0000,0.0000,0.0000,0.0000,0.0000,0.0000,0.8087,19,GOOD,29.9054
104250.6387,75,0.0000,0.0000,25.6817,0.0000,0.0000,0.0000,0.0000,0.0000,0.0000,0.7993,19,GOOD,30.4547
104250.6708,76,0.0000,0.0000,25.6817,0.0000,0.0000,0.0000,0.0000,0.0000,0.0000,0.7892,19,GOOD,30.4545
104250.7015,77,0.0000,0.0000,25.6817,0.0000,0.0000,0.0000,0.0000,0.0000,0.0000,0.7798,19,GOOD,30.5127
104250.7345,78,0.0000,0.0000,25.6817,0.0000,0.0000,0.0000,0.0000,0.0000,0.0000,0.7698,19,GOOD,30.3557
104250.7668,79,0.0000,0.0000,25.6817,0.0000,0.0000,0.0000,0.0000,0.0000,0.0000,0.7604,19,GOOD,30.3598
104250.7970,80,0.0000,0.0000,25.6817,0.0000,0.0000,0.0000,0.0000,0.0000,0.0000,0.7518,19,GOOD,30.3951
104250.8329,81,0.0000,0.0000,25.6817,0.0000,0.0000,0.0000,0.0000,0.0000,0.0000,0.7418,19,GOOD,30.2638
104250.8766,82,0.0000,0.0000,25.6817,0.0000,0.0000,0.0000,0.0000,0.0000,0.0000,0.7299,19,GOOD,30.2283
104250.9055,83,0.0000,0.0000,25.6817,0.0000,0.0000,0.0000,0.0000,0.0000,0.0000,0.7223,19,GOOD,30.2910
104250.9397,84,0.0000,0.0000,25.6817,0.0000,0.0000,0.0000,0.0000,0.0000,0.0000,0.7135,19,GOOD,30.2315
104250.9706,85,0.0000,0.0000,25.6817,0.0000,0.0000,0.0000,0.0000,0.0000,0.0000,0.7057,19,GOOD,30.1777
104251.0020,86,0.0000,0.0000,25.6817,0.0000,0.0000,0.0000,0.0000,0.0000,0.0000,0.6980,19,GOOD,30.2249
104251.0337,87,0.0000,0.0000,25.6817,0.0000,0.0000,0.0000,0.0000,0.0000,0.0000,0.6904,19,GOOD,30.2176
104251.0672,88,0.0000,0.0000,25.6817,0.0000,0.0000,0.0000,0.0000,0.0000,0.0000,0.6825,19,GOOD,30.1179
104251.0997,89,0.0000,0.0000,25.6817,0.0000,0.0000,0.0000,0.0000,0.0000,0.0000,0.6750,19,GOOD,30.1074
104251.1300,90,0.0000,0.0000,25.6817,0.0000,0.0000,0.0000,0.0000,0.0000,0.0000,0.6682,19,GOOD,30.5799
104251.1774,91,0.0000,0.0000,25.6817,0.0000,0.0000,0.0000,0.0000,0.0000,0.0000,0.6577,19,GOOD,30.0303
104251.2023,92,0.0000,0.0000,25.6817,0.0000,0.0000,0.0000,0.0000,0.0000,0.0000,0.6524,19,GOOD,30.2676
104251.2346,93,0.0000,0.0000,25.6817,0.0000,0.0000,0.0000,0.0000,0.0000,0.0000,0.6456,19,GOOD,30.2364
104251.2670,94,0.0000,0.0000,25.6817,0.0000,0.0000,0.0000,0.0000,0.0000,0.0000,0.6389,19,GOOD,30.3070
104251.2956,95,0.0000,0.0000,25.6817,0.0000,0.0000,0.0000,0.0000,0.0000,0.0000,0.6331,19,GOOD,30.4055
104251.3278,96,0.0000,0.0000,25.6817,0.0000,0.0000,0.0000,0.0000,0.0000,0.0000,0.6267,19,GOOD,30.4124
104251.3630,97,0.0000,0.0000,25.6817,0.0000,0.0000,0.0000,0.0000,0.0000,0.0000,0.6199,19,GOOD,30.2909
104251.3979,98,0.0000,0.0000,25.6817,0.0000,0.0000,0.0000,0.0000,0.0000,0.0000,0.6133,19,GOOD,30.1251
104251.4207,99,0.0000,0.0000,25.6817,0.0000,0.0000,0.0000,0.0000,0.0000,0.0000,0.6090,19,GOOD,30.4702
104251.4677,100,0.0000,0.0000,25.6817,0.0000,0.0000,0.0000,0.0000,0.0000,0.0000,0.6004,19,GOOD,30.4928
104251.5017,101,0.0000,0.0000,25.6817,0.0000,0.0000,0.0000,0.0000,0.0000,0.0000,0.8915,19,GOOD,30.4054
104251.5338,102,0.0000,0.0000,25.6817,0.0000,0.0000,0.0000,0.0000,0.0000,0.0000,0.8831,19,GOOD,30.3303
104251.5628,103,0.0000,0.0000,25.6817,0.0000,0.0000,0.0000,0.0000,0.0000,0.0000,0.8756,19,GOOD,30.4213
104251.5957,104,0.0000,0.0000,25.6817,0.0000,0.0000,0.0000,0.0000,0.0000,0.0000,0.8673,19,GOOD,30.3017
104251.6316,105,0.0000,0.0000,25.6817,0.0000,0.0000,0.0000,0.0000,0.0000,0.0000,0.8584,19,GOOD,30.1847
104251.6604,106,0.0000,0.0000,25.6817,0.0000,0.0000,0.0000,0.0000,0.0000,0.0000,0.8514,19,GOOD,30.2442
104251.6907,107,0.0000,0.0000,25.6817,0.0000,0.0000,0.0000,0.0000,0.0000,0.0000,0.8441,19,GOOD,30.3311
104251.7236,108,0.0000,0.0000,25.6817,0.0000,0.0000,0.0000,0.0000,0.0000,0.0000,0.8364,19,GOOD,30.3104
104251.7548,109,0.0000,0.0000,25.6817,0.0000,0.0000,0.0000,0.0000,0.0000,0.0000,0.8292,19,GOOD,30.2780
104251.7865,110,0.0000,0.0000,25.6817,0.0000,0.0000,0.0000,0.0000,0.0000,0.0000,0.8220,19,GOOD,30.4109
104251.8334,111,0.0000,0.0000,25.6817,0.0000,0.0000,0.0000,0.0000,0.0000,0.0000,0.8115,19,GOOD,30.3078
104251.8658,112,0.0000,0.0000,25.6817,0.0000,0.0000,0.0000,0.0000,0.0000,0.0000,0.8045,19,GOOD,30.1985
104251.8981,113,0.0000,0.0000,25.6817,0.0000,0.0000,0.0000,0.0000,0.0000,0.0000,0.7976,19,GOOD,30.2570
104251.9283,114,0.0000,0.0000,25.6817,0.0000,0.0000,0.0000,0.0000,0.0000,0.0000,0.7912,19,GOOD,30.2797
104251.9578,115,0.0000,0.0000,25.6817,0.0000,0.0000,0.0000,0.0000,0.0000,0.0000,0.7851,19,GOOD,30.3399
104251.9880,116,0.0000,0.0000,25.6817,0.0000,0.0000,0.0000,0.0000,0.0000,0.0000,0.7790,19,GOOD,30.3883
104252.0190,117,0.0000,0.0000,25.6817,0.0000,0.0000,0.0000,0.0000,0.0000,0.0000,0.7727,19,GOOD,30.4692
104252.0492,118,0.0000,0.0000,25.6817,0.0000,0.0000,0.0000,0.0000,0.0000,0.0000,0.7668,19,GOOD,30.5404
104252.0997,119,0.0000,0.0000,25.6817,0.0000,0.0000,0.0000,0.0000,0.0000,0.0000,0.7570,19,GOOD,29.9048
104252.1309,120,0.0000,0.0000,25.6817,0.0000,0.0000,0.0000,0.0000,0.0000,0.0000,0.7511,19,GOOD,30.4144
104252.1617,121,0.0000,0.0000,25.6817,0.0000,0.0000,0.0000,0.0000,0.0000,0.0000,0.7453,19,GOOD,30.2288
104252.1909,122,0.0000,0.0000,25.6817,0.0000,0.0000,0.0000,0.0000,0.0000,0.0000,0.7400,19,GOOD,30.3233
104252.2187,123,0.0000,0.0000,25.6817,0.0000,0.0000,0.0000,0.0000,0.0000,0.0000,0.7349,19,GOOD,30.4725
104252.2494,124,0.0000,0.0000,25.6817,0.0000,0.0000,0.0000,0.0000,0.0000,0.0000,0.7294,19,GOOD,30.4024
104252.2842,125,0.0000,0.0000,25.6817,0.0000,0.0000,0.0000,0.0000,0.0000,0.0000,0.7233,19,GOOD,30.3240
104252.3128,126,0.0000,0.0000,25.6817,0.0000,0.0000,0.0000,0.0000,0.0000,0.0000,0.7184,19,GOOD,30.5328
104252.3483,127,0.0000,0.0000,25.6817,0.0000,0.0000,0.0000,0.0000,0.0000,0.0000,0.7123,19,GOOD,30.5125
104252.3938,128,0.0000,0.0000,25.6817,0.0000,0.0000,0.0000,0.0000,0.0000,0.0000,0.7047,19,GOOD,29.8026
104252.4236,129,0.0000,0.0000,25.6817,0.0000,0.0000,0.0000,0.0000,0.0000,0.0000,0.6998,19,GOOD,30.3363
104252.4528,130,0.0000,0.0000,25.6817,0.0000,0.0000,0.0000,0.0000,0.0000,0.0000,0.6951,19,GOOD,30.4914
104252.4840,131,0.0000,0.0000,25.6817,0.0000,0.0000,0.0000,0.0000,0.0000,0.0000,0.6901,19,GOOD,30.5200
104252.5141,132,0.0000,0.0000,25.6817,0.0000,0.0000,0.0000,0.0000,0.0000,0.0000,0.6853,19,GOOD,30.4831
104252.5458,133,0.0000,0.0000,25.6817,0.0000,0.0000,0.0000,0.0000,0.0000,0.0000,0.6804,19,GOOD,30.5239
104252.5905,134,0.0000,0.0000,25.6817,0.0000,0.0000,0.0000,0.0000,0.0000,0.0000,0.6736,19,GOOD,30.2441
104252.6210,135,0.0000,0.0000,25.6817,0.0000,0.0000,0.0000,0.0000,0.0000,0.0000,0.6690,19,GOOD,30.1880
104252.6510,136,0.0000,0.0000,25.6817,0.0000,0.0000,0.0000,0.0000,0.0000,0.0000,0.6646,19,GOOD,30.1985
104252.6799,137,0.0000,0.0000,25.6817,0.0000,0.0000,0.0000,0.0000,0.0000,0.0000,0.6603,19,GOOD,30.3229
104252.7116,138,0.0000,0.0000,25.6817,0.0000,0.0000,0.0000,0.0000,0.0000,0.0000,0.6558,19,GOOD,30.3106
104252.7437,139,0.0000,0.0000,25.6817,0.0000,0.0000,0.0000,0.0000,0.0000,0.0000,0.6512,19,GOOD,30.2954
104252.7778,140,0.0000,0.0000,25.6817,0.0000,0.0000,0.0000,0.0000,0.0000,0.0000,0.6464,19,GOOD,30.7065
104252.8204,141,0.0000,0.0000,25.6817,0.0000,0.0000,0.0000,0.0000,0.0000,0.0000,0.6405,19,GOOD,30.3808
104252.8523,142,0.0000,0.0000,25.6817,0.0000,0.0000,0.0000,0.0000,0.0000,0.0000,0.6362,19,GOOD,30.3937
104252.8820,143,0.0000,0.0000,25.6817,0.0000,0.0000,0.0000,0.0000,0.0000,0.0000,0.6322,19,GOOD,30.4077
104252.9111,144,0.0000,0.0000,25.6817,0.0000,0.0000,0.0000,0.0000,0.0000,0.0000,0.6284,19,GOOD,30.4223
104252.9474,145,0.0000,0.0000,25.6817,0.0000,0.0000,0.0000,0.0000,0.0000,0.0000,0.6236,19,GOOD,30.2262
104252.9805,146,0.0000,0.0000,25.6817,0.0000,0.0000,0.0000,0.0000,0.0000,0.0000,0.6193,19,GOOD,30.1590
104253.0090,147,0.0000,0.0000,25.6817,0.0000,0.0000,0.0000,0.0000,0.0000,0.0000,0.6157,19,GOOD,30.2158
104253.0404,148,0.0000,0.0000,25.6817,0.0000,0.0000,0.0000,0.0000,0.0000,0.0000,0.6118,19,GOOD,30.8277
104253.0736,149,0.0000,0.0000,25.6817,0.0000,0.0000,0.0000,0.0000,0.0000,0.0000,0.6077,19,GOOD,30.7624
104253.1220,150,0.0000,0.0000,25.6817,0.0000,0.0000,0.0000,0.0000,0.0000,0.0000,0.6018,19,GOOD,30.1984
104253.1551,151,0.0000,0.0000,25.6817,0.0000,0.0000,0.0000,0.0000,0.0000,0.0000,0.5978,19,GOOD,30.0762
104253.1857,152,0.0000,0.0000,25.6817,0.0000,0.0000,0.0000,0.0000,0.0000,0.0000,0.5942,19,GOOD,29.9905
104253.2139,153,0.0000,0.0000,25.6817,0.0000,0.0000,0.0000,0.0000,0.0000,0.0000,0.5909,19,GOOD,30.0680
104253.2463,154,0.0000,0.0000,25.6817,0.0000,0.0000,0.0000,0.0000,0.0000,0.0000,0.5871,19,GOOD,30.1403
104253.2783,155,0.0000,0.0000,25.6817,0.0000,0.0000,0.0000,0.0000,0.0000,0.0000,0.5835,19,GOOD,30.0369
104253.3094,156,0.0000,0.0000,25.6817,0.0000,0.0000,0.0000,0.0000,0.0000,0.0000,0.5800,19,GOOD,30.1756
104253.3375,157,0.0000,0.0000,25.6817,0.0000,0.0000,0.0000,0.0000,0.0000,0.0000,0.5768,19,GOOD,30.7277
104253.3704,158,0.0000,0.0000,25.6817,0.0000,0.0000,0.0000,0.0000,0.0000,0.0000,0.5732,19,GOOD,30.6301
104253.4185,159,0.0000,0.0000,25.6817,0.0000,0.0000,0.0000,0.0000,0.0000,0.0000,0.5680,19,GOOD,30.0299
104253.4494,160,0.0000,0.0000,25.6817,0.0000,0.0000,0.0000,0.0000,0.0000,0.0000,0.5647,19,GOOD,30.0380
104253.4791,161,0.0000,0.0000,25.6817,0.0000,0.0000,0.0000,0.0000,0.0000,0.0000,0.5616,19,GOOD,30.0542
104253.5132,162,0.0000,0.0000,25.6817,0.0000,0.0000,0.0000,0.0000,0.0000,0.0000,0.5580,19,GOOD,29.9779
104253.5433,163,0.0000,0.0000,25.6817,0.0000,0.0000,0.0000,0.0000,0.0000,0.0000,0.5549,19,GOOD,30.4349
104253.5756,164,0.0000,0.0000,25.6817,0.0000,0.0000,0.0000,0.0000,0.0000,0.0000,0.5516,19,GOOD,30.3793
104253.6066,165,0.0000,0.0000,25.6817,0.0000,0.0000,0.0000,0.0000,0.0000,0.0000,0.5485,19,GOOD,30.3473
104253.6391,166,0.0000,0.0000,25.6817,0.0000,0.0000,0.0000,0.0000,0.0000,0.0000,0.5452,19,GOOD,30.2344
104253.6704,167,0.0000,0.0000,25.6817,0.0000,0.0000,0.0000,0.0000,0.0000,0.0000,0.7228,19,GOOD,30.2443
104253.7019,168,0.0000,0.0000,25.6817,0.0000,0.0000,0.0000,0.0000,0.0000,0.0000,0.7188,19,GOOD,30.2657
104253.7343,169,0.0000,0.0000,25.6817,0.0000,0.0000,0.0000,0.0000,0.0000,0.0000,0.7146,19,GOOD,30.3209
104253.7818,170,0.0000,0.0000,25.6817,0.0000,0.0000,0.0000,0.0000,0.0000,0.0000,0.7086,19,GOOD,30.1615
104253.8120,171,0.0000,0.0000,25.6817,0.0000,0.0000,0.0000,0.0000,0.0000,0.0000,0.7048,19,GOOD,30.2177
104253.8417,172,0.0000,0.0000,25.6817,0.0000,0.0000,0.0000,0.0000,0.0000,0.0000,0.7011,19,GOOD,30.2184
104253.8722,173,0.0000,0.0000,25.6817,0.0000,0.0000,0.0000,0.0000,0.0000,0.0000,0.6974,19,GOOD,30.1744
104253.9049,174,0.0000,0.0000,25.6817,0.0000,0.0000,0.0000,0.0000,0.0000,0.0000,0.6935,19,GOOD,30.2875
104253.9382,175,0.0000,0.0000,25.6817,0.0000,0.0000,0.0000,0.0000,0.0000,0.0000,0.6895,19,GOOD,30.2831
104253.9707,176,0.0000,0.0000,25.6817,0.0000,0.0000,0.0000,0.0000,0.0000,0.0000,0.6856,19,GOOD,30.1545
104254.0016,177,0.0000,0.0000,25.6817,0.0000,0.0000,0.0000,0.0000,0.0000,0.0000,0.6820,19,GOOD,30.1696
104254.0438,178,0.0000,0.0000,25.6817,0.0000,0.0000,0.0000,0.0000,0.0000,0.0000,0.6771,19,GOOD,29.8890
104254.0761,179,0.0000,0.0000,25.6817,0.0000,0.0000,0.0000,0.0000,0.0000,0.0000,0.6735,0,LOST,30.3958
104254.1355,180,0.0000,0.0000,25.6817,0.0000,0.0000,0.0000,0.0000,0.0000,0.0000,0.6668,0,LOST,29.5816
104254.1712,181,0.0000,0.0000,25.6817,0.0000,0.0000,0.0000,0.0000,0.0000,0.0000,0.6628,0,LOST,29.4249
104254.2037,182,0.0000,0.0000,25.6817,0.0000,0.0000,0.0000,0.0000,0.0000,0.0000,0.6593,0,LOST,29.3005
104254.2332,183,0.0000,0.0000,25.6817,0.0000,0.0000,0.0000,0.0000,0.0000,0.0000,0.6561,0,LOST,29.3853
104254.2629,184,0.0000,0.0000,25.6817,0.0000,0.0000,0.0000,0.0000,0.0000,0.0000,0.6529,0,LOST,29.4537
104254.2963,185,0.0000,0.0000,25.6817,0.0000,0.0000,0.0000,0.0000,0.0000,0.0000,0.6494,0,LOST,29.3845
104254.3270,186,0.0000,0.0000,25.6817,0.0000,0.0000,0.0000,0.0000,0.0000,0.0000,0.6462,0,LOST,29.3079
104254.3600,187,0.0000,0.0000,25.6817,0.0000,0.0000,0.0000,0.0000,0.0000,0.0000,0.6427,0,LOST,29.3065
104254.3934,188,0.0000,0.0000,25.6817,0.0000,0.0000,0.0000,0.0000,0.0000,0.0000,0.6393,0,LOST,29.7483
104254.4249,189,0.0000,0.0000,25.6817,0.0000,0.0000,0.0000,0.0000,0.0000,0.0000,0.6361,0,LOST,29.7305
104254.4557,190,0.0000,0.0000,25.6817,0.0000,0.0000,0.0000,0.0000,0.0000,0.0000,0.6330,0,LOST,29.6933
104254.4870,191,0.0000,0.0000,25.6817,0.0000,0.0000,0.0000,0.0000,0.0000,0.0000,0.6299,0,LOST,29.7787
104254.5199,192,0.0000,0.0000,25.6817,0.0000,0.0000,0.0000,0.0000,0.0000,0.0000,0.6266,0,LOST,29.6945
104254.5544,193,0.0000,0.0000,25.6817,0.0000,0.0000,0.0000,0.0000,0.0000,0.0000,0.6233,0,LOST,29.6293
104254.5929,194,0.0000,0.0000,25.6817,0.0000,0.0000,0.0000,0.0000,0.0000,0.0000,0.6196,0,LOST,29.4015
104254.6320,195,0.0000,0.0000,25.6817,0.0000,0.0000,0.0000,0.0000,0.0000,0.0000,0.6158,0,LOST,29.2076
104254.6730,196,0.0000,0.0000,25.6817,0.0000,0.0000,0.0000,0.0000,0.0000,0.0000,0.6120,0,LOST,28.9251
104254.7119,197,0.0000,0.0000,25.6817,0.0000,0.0000,0.0000,0.0000,0.0000,0.0000,0.6083,0,LOST,28.7114
104254.7508,198,0.0000,0.0000,25.6817,0.0000,0.0000,0.0000,0.0000,0.0000,0.0000,0.6048,0,LOST,28.5294
104254.7874,199,0.0000,0.0000,25.6817,0.0000,0.0000,0.0000,0.0000,0.0000,0.0000,0.6014,0,LOST,28.8387
104254.8249,200,0.0000,0.0000,25.6817,0.0000,0.0000,0.0000,0.0000,0.0000,0.0000,0.5980,0,LOST,28.6306
104254.8608,201,0.0000,0.0000,25.6817,0.0000,0.0000,0.0000,0.0000,0.0000,0.0000,0.5949,0,LOST,28.4560
104254.8963,202,0.0000,0.0000,25.6817,0.0000,0.0000,0.0000,0.0000,0.0000,0.0000,0.5917,0,LOST,28.3173
104254.9313,203,0.0000,0.0000,25.6817,0.0000,0.0000,0.0000,0.0000,0.0000,0.0000,0.5887,0,LOST,28.2543
104254.9699,204,0.0000,0.0000,25.6817,0.0000,0.0000,0.0000,0.0000,0.0000,0.0000,0.5854,0,LOST,28.1077
104255.0045,205,0.0000,0.0000,25.6817,0.0000,0.0000,0.0000,0.0000,0.0000,0.0000,0.5824,0,LOST,28.0513
104255.0358,206,0.0000,0.0000,25.6817,0.0000,0.0000,0.0000,0.0000,0.0000,0.0000,0.5798,0,LOST,28.0420
104255.0685,207,0.0000,0.0000,25.6817,0.0000,0.0000,0.0000,0.0000,0.0000,0.0000,0.5770,0,LOST,28.3009
104255.0995,208,0.0000,0.0000,25.6817,0.0000,0.0000,0.0000,0.0000,0.0000,0.0000,0.5745,0,LOST,28.3364
104255.1327,209,0.0000,0.0000,25.6817,0.0000,0.0000,0.0000,0.0000,0.0000,0.0000,0.5717,0,LOST,29.0796
104255.1666,210,0.0000,0.0000,25.6817,0.0000,0.0000,0.0000,0.0000,0.0000,0.0000,0.5690,0,LOST,29.1359
104255.2029,211,0.0000,0.0000,25.6817,0.0000,0.0000,0.0000,0.0000,0.0000,0.0000,0.5661,0,LOST,29.0226
104255.2355,212,0.0000,0.0000,25.6817,0.0000,0.0000,0.0000,0.0000,0.0000,0.0000,0.5635,0,LOST,28.9332
104255.2670,213,0.0000,0.0000,25.6817,0.0000,0.0000,0.0000,0.0000,0.0000,0.0000,0.5610,0,LOST,28.8799
104255.2999,214,0.0000,0.0000,25.6817,0.0000,0.0000,0.0000,0.0000,0.0000,0.0000,0.5584,0,LOST,28.8959
104255.3327,215,0.0000,0.0000,25.6817,0.0000,0.0000,0.0000,0.0000,0.0000,0.0000,0.5558,0,LOST,28.8363
104255.3696,216,0.0000,0.0000,25.6817,0.0000,0.0000,0.0000,0.0000,0.0000,0.0000,0.5530,0,LOST,28.7220
104255.4084,217,0.0000,0.0000,25.6817,0.0000,0.0000,0.0000,0.0000,0.0000,0.0000,0.5501,0,LOST,28.5709
104255.4439,218,0.0000,0.0000,25.6817,0.0000,0.0000,0.0000,0.0000,0.0000,0.0000,0.5474,0,LOST,28.4594
104255.4787,219,0.0000,0.0000,25.6817,0.0000,0.0000,0.0000,0.0000,0.0000,0.0000,0.5448,0,LOST,28.3476
104255.5170,220,0.0000,0.0000,25.6817,0.0000,0.0000,0.0000,0.0000,0.0000,0.0000,0.5420,0,LOST,28.1548
104255.5508,221,0.0000,0.0000,25.6817,0.0000,0.0000,0.0000,0.0000,0.0000,0.0000,0.5395,0,LOST,28.1303
104255.5842,222,0.0000,0.0000,25.6817,0.0000,0.0000,0.0000,0.0000,0.0000,0.0000,0.5371,0,LOST,28.1596
104255.6171,223,0.0000,0.0000,25.6817,0.0000,0.0000,0.0000,0.0000,0.0000,0.0000,0.5347,0,LOST,28.3158
104255.6501,224,0.0000,0.0000,25.6817,0.0000,0.0000,0.0000,0.0000,0.0000,0.0000,0.5324,0,LOST,28.4840
104255.6848,225,0.0000,0.0000,25.6817,0.0000,0.0000,0.0000,0.0000,0.0000,0.0000,0.5299,0,LOST,28.6628
104255.7183,226,0.0000,0.0000,25.6817,0.0000,0.0000,0.0000,0.0000,0.0000,0.0000,0.5276,0,LOST,28.8178
104255.7520,227,0.0000,0.0000,25.6817,0.0000,0.0000,0.0000,0.0000,0.0000,0.0000,0.5252,0,LOST,28.9640
104255.7840,228,0.0000,0.0000,25.6817,0.0000,0.0000,0.0000,0.0000,0.0000,0.0000,0.5230,0,LOST,29.0995
104255.8141,229,0.0000,0.0000,25.6817,0.0000,0.0000,0.0000,0.0000,0.0000,0.0000,0.5210,0,LOST,29.3167
104255.8468,230,0.0000,0.0000,25.6817,0.0000,0.0000,0.0000,0.0000,0.0000,0.0000,0.5188,0,LOST,29.4101
104255.8788,231,0.0000,0.0000,25.6817,0.0000,0.0000,0.0000,0.0000,0.0000,0.0000,0.5166,0,LOST,29.5163
104255.9108,232,0.0000,0.0000,25.6817,0.0000,0.0000,0.0000,0.0000,0.0000,0.0000,0.5145,0,LOST,29.6064
104255.9437,233,0.0000,0.0000,25.6817,0.0000,0.0000,0.0000,0.0000,0.0000,0.0000,0.5123,0,LOST,29.7807
104255.9746,234,0.0000,0.0000,25.6817,0.0000,0.0000,0.0000,0.0000,0.0000,0.0000,0.5103,0,LOST,29.8934
104256.0080,235,0.0000,0.0000,25.6817,0.0000,0.0000,0.0000,0.0000,0.0000,0.0000,0.5082,0,LOST,29.8290
104256.0440,236,0.0000,0.0000,25.6817,0.0000,0.0000,0.0000,0.0000,0.0000,0.0000,0.5058,0,LOST,29.7300
104256.0752,237,0.0000,0.0000,25.6817,0.0000,0.0000,0.0000,0.0000,0.0000,0.0000,0.5039,0,LOST,29.7209
104256.1079,238,0.0000,0.0000,25.6817,0.0000,0.0000,0.0000,0.0000,0.0000,0.0000,0.5018,0,LOST,29.7395
104256.1387,239,0.0000,0.0000,25.6817,0.0000,0.0000,0.0000,0.0000,0.0000,0.0000,0.6248,0,LOST,29.8305
104256.1710,240,0.0000,0.0000,25.6817,0.0000,0.0000,0.0000,0.0000,0.0000,0.0000,0.6223,0,LOST,29.9534
104256.2039,241,0.0000,0.0000,25.6817,0.0000,0.0000,0.0000,0.0000,0.0000,0.0000,0.6198,0,LOST,29.9463
104256.2360,242,0.0000,0.0000,25.6817,0.0000,0.0000,0.0000,0.0000,0.0000,0.0000,0.6173,0,LOST,29.9284
104256.2681,243,0.0000,0.0000,25.6817,0.0000,0.0000,0.0000,0.0000,0.0000,0.0000,0.6149,0,LOST,29.9530
104256.2984,244,0.0000,0.0000,25.6817,0.0000,0.0000,0.0000,0.0000,0.0000,0.0000,0.6126,0,LOST,30.0307
104256.3400,245,0.0000,0.0000,25.6817,0.0000,0.0000,0.0000,0.0000,0.0000,0.0000,0.6095,0,LOST,29.8850
104256.3720,246,0.0000,0.0000,25.6817,0.0000,0.0000,0.0000,0.0000,0.0000,0.0000,0.6071,0,LOST,30.0960
104256.4063,247,0.0000,0.0000,25.6817,0.0000,0.0000,0.0000,0.0000,0.0000,0.0000,0.6046,0,LOST,30.1333
104256.4388,248,0.0000,0.0000,25.6817,0.0000,0.0000,0.0000,0.0000,0.0000,0.0000,0.6022,0,LOST,30.2045
104256.4693,249,0.0000,0.0000,25.6817,0.0000,0.0000,0.0000,0.0000,0.0000,0.0000,0.6000,0,LOST,30.4532
104256.5009,250,0.0000,0.0000,25.6817,0.0000,0.0000,0.0000,0.0000,0.0000,0.0000,0.5978,0,LOST,30.5227
104256.5331,251,0.0000,0.0000,25.6817,0.0000,0.0000,0.0000,0.0000,0.0000,0.0000,0.5955,0,LOST,30.5630
104256.5651,252,0.0000,0.0000,25.6817,0.0000,0.0000,0.0000,0.0000,0.0000,0.0000,0.5932,0,LOST,30.5884
104256.6004,253,0.0000,0.0000,25.6817,0.0000,0.0000,0.0000,0.0000,0.0000,0.0000,0.5907,0,LOST,30.5178
104256.6340,254,0.0000,0.0000,25.6817,0.0000,0.0000,0.0000,0.0000,0.0000,0.0000,0.5884,0,LOST,30.5522
104256.6716,255,0.0000,0.0000,25.6817,0.0000,0.0000,0.0000,0.0000,0.0000,0.0000,0.5858,0,LOST,30.4203
104256.7060,256,0.0000,0.0000,25.6817,0.0000,0.0000,0.0000,0.0000,0.0000,0.0000,0.5835,0,LOST,30.3997
104256.7397,257,0.0000,0.0000,25.6817,0.0000,0.0000,0.0000,0.0000,0.0000,0.0000,0.5812,0,LOST,30.3451
104256.7750,258,0.0000,0.0000,25.6817,0.0000,0.0000,0.0000,0.0000,0.0000,0.0000,0.5788,0,LOST,30.1775
104256.8066,259,0.0000,0.0000,25.6817,0.0000,0.0000,0.0000,0.0000,0.0000,0.0000,0.5767,0,LOST,30.2169
104256.8398,260,0.0000,0.0000,25.6817,0.0000,0.0000,0.0000,0.0000,0.0000,0.0000,0.5745,0,LOST,30.1756
104256.8736,261,0.0000,0.0000,25.6817,0.0000,0.0000,0.0000,0.0000,0.0000,0.0000,0.5723,0,LOST,30.1202
104256.9065,262,0.0000,0.0000,25.6817,0.0000,0.0000,0.0000,0.0000,0.0000,0.0000,0.5701,0,LOST,30.1217
104256.9385,263,0.0000,0.0000,25.6817,0.0000,0.0000,0.0000,0.0000,0.0000,0.0000,0.5680,0,LOST,30.0872
104256.9711,264,0.0000,0.0000,25.6817,0.0000,0.0000,0.0000,0.0000,0.0000,0.0000,0.5660,0,LOST,30.1108
104257.0018,265,0.0000,0.0000,25.6817,0.0000,0.0000,0.0000,0.0000,0.0000,0.0000,0.5640,0,LOST,30.2767
104257.0322,266,0.0000,0.0000,25.6817,0.0000,0.0000,0.0000,0.0000,0.0000,0.0000,0.5621,0,LOST,30.3051
104257.0633,267,0.0000,0.0000,25.6817,0.0000,0.0000,0.0000,0.0000,0.0000,0.0000,0.5601,0,LOST,30.3534
104257.0936,268,0.0000,0.0000,25.6817,0.0000,0.0000,0.0000,0.0000,0.0000,0.0000,0.5582,0,LOST,30.3709
104257.1253,269,0.0000,0.0000,25.6817,0.0000,0.0000,0.0000,0.0000,0.0000,0.0000,0.5562,0,LOST,30.3903
104257.1551,270,0.0000,0.0000,25.6817,0.0000,0.0000,0.0000,0.0000,0.0000,0.0000,0.5544,0,LOST,30.4896
104257.1860,271,0.0000,0.0000,25.6817,0.0000,0.0000,0.0000,0.0000,0.0000,0.0000,0.5525,0,LOST,30.5261
104257.2334,272,0.0000,0.0000,25.6817,0.0000,0.0000,0.0000,0.0000,0.0000,0.0000,0.5496,0,LOST,30.0421
104257.2667,273,0.0000,0.0000,25.6817,0.0000,0.0000,0.0000,0.0000,0.0000,0.0000,0.5476,0,LOST,29.9477
104257.3004,274,0.0000,0.0000,25.6817,0.0000,0.0000,0.0000,0.0000,0.0000,0.0000,0.5456,0,LOST,30.1953
104257.3309,275,0.0000,0.0000,25.6817,0.0000,0.0000,0.0000,0.0000,0.0000,0.0000,0.5438,0,LOST,30.2408
104257.3619,276,0.0000,0.0000,25.6817,0.0000,0.0000,0.0000,0.0000,0.0000,0.0000,0.5420,0,LOST,30.3459
104257.3906,277,0.0000,0.0000,25.6817,0.0000,0.0000,0.0000,0.0000,0.0000,0.0000,0.5403,0,LOST,30.4694
104257.4236,278,0.0000,0.0000,25.6817,0.0000,0.0000,0.0000,0.0000,0.0000,0.0000,0.5384,0,LOST,30.3895
104257.4565,279,0.0000,0.0000,25.6817,0.0000,0.0000,0.0000,0.0000,0.0000,0.0000,0.5365,0,LOST,30.3482
104257.4907,280,0.0000,0.0000,25.6817,0.0000,0.0000,0.0000,0.0000,0.0000,0.0000,0.5345,0,LOST,30.2821
104257.5207,281,0.0000,0.0000,25.6817,0.0000,0.0000,0.0000,0.0000,0.0000,0.0000,0.5328,0,LOST,30.3476
104257.5559,282,0.0000,0.0000,25.6817,0.0000,0.0000,0.0000,0.0000,0.0000,0.0000,0.5308,0,LOST,30.3505
104257.5859,283,0.0000,0.0000,25.6817,0.0000,0.0000,0.0000,0.0000,0.0000,0.0000,0.5291,0,LOST,30.4639
104257.6205,284,0.0000,0.0000,25.6817,0.0000,0.0000,0.0000,0.0000,0.0000,0.0000,0.5272,0,LOST,30.5617
104257.6549,285,0.0000,0.0000,25.6817,0.0000,0.0000,0.0000,0.0000,0.0000,0.0000,0.5253,0,LOST,30.5600
104257.6858,286,0.0000,0.0000,25.6817,0.0000,0.0000,0.0000,0.0000,0.0000,0.0000,0.5236,0,LOST,30.6506
104257.7187,287,0.0000,0.0000,25.6817,0.0000,0.0000,0.0000,0.0000,0.0000,0.0000,0.5218,0,LOST,30.7314
104257.7498,288,0.0000,0.0000,25.6817,0.0000,0.0000,0.0000,0.0000,0.0000,0.0000,0.5201,0,LOST,30.7446
104257.7802,289,0.0000,0.0000,25.6817,0.0000,0.0000,0.0000,0.0000,0.0000,0.0000,0.5185,0,LOST,30.8383
104257.8221,290,0.0000,0.0000,25.6817,0.0000,0.0000,0.0000,0.0000,0.0000,0.0000,0.5162,0,LOST,30.5745
104257.8528,291,0.0000,0.0000,25.6817,0.0000,0.0000,0.0000,0.0000,0.0000,0.0000,0.5146,0,LOST,30.6449
104257.8850,292,0.0000,0.0000,25.6817,0.0000,0.0000,0.0000,0.0000,0.0000,0.0000,0.5129,0,LOST,30.6384
104257.9154,293,0.0000,0.0000,25.6817,0.0000,0.0000,0.0000,0.0000,0.0000,0.0000,0.5113,0,LOST,30.7103
104257.9485,294,0.0000,0.0000,25.6817,0.0000,0.0000,0.0000,0.0000,0.0000,0.0000,0.5096,0,LOST,30.6345
104257.9794,295,0.0000,0.0000,25.6817,0.0000,0.0000,0.0000,0.0000,0.0000,0.0000,0.5080,0,LOST,30.6172
104258.0099,296,0.0000,0.0000,25.6817,0.0000,0.0000,0.0000,0.0000,0.0000,0.0000,0.5064,0,LOST,30.6353
104258.0542,297,0.0000,0.0000,25.6817,0.0000,0.0000,0.0000,0.0000,0.0000,0.0000,0.5041,0,LOST,30.1877
104258.0857,298,0.0000,0.0000,25.6817,0.0000,0.0000,0.0000,0.0000,0.0000,0.0000,0.5026,0,LOST,30.1962
104258.1167,299,0.0000,0.0000,25.6817,0.0000,0.0000,0.0000,0.0000,0.0000,0.0000,0.5010,0,LOST,30.1559
104258.1504,300,0.0000,0.0000,25.6817,0.0000,0.0000,0.0000,0.0000,0.0000,0.0000,0.5992,0,LOST,30.0696
